name,quota,quota_rank,admission_raw,rank_msg,admission_msg,sequence,match_score
محمدیاسین زایر,منطقه 3,65,پزشکی شهیدبهشتی,44588,48055,2,1
فاطمه عبدالملکی,منطقه 2,436,پزشکی ایران,44662,48062,9,1
محمدامین موسوی,منطقه 2,617,دندانپزشکی‌ زنجان,45093,48074,15,1
ریحانه سعادتی,,,پزشکی ایلام,,48075,16,
امیرمهدی آذری,منطقه 2,448,دندانپزشکی‌ شاهد تهران,46117,48076,17,1
محمدصدرا عزیزی فروتقه,,,پزشکی‌ مشهد,,48077,18,
سارا جعفری پور,منطقه 3,720,پزشکی‌ همدان,44644,48079,19,1
مهدیس هاشمی,منطقه 3,724,دندانپزشکی‌ تبریز,45162,48080,20,1
فاطمه مولوی,,,پزشکی‌ همدان,,48081,21,
علی میرزائی,منطقه 2,294,دندانپزشکی‌ تبریز,45118,48082,22,1
مانی مهدوی بادمحمود,منطقه 3,367,پزشکی‌ تبریز,44485,48083,23,1
محمدحسن هدایتی,منطقه 3,2819,فیزیوتراپی کرمان,47415,48084,24,1
هادی امیرزاده,منطقه 3,118,دندانپزشکی‌ تبریز,44870,48090,28,1
ابوالفضل یوسفی مقدم,منطقه 3,759,پزشکی‌ ایران,45174,48093,31,1
کیان تحویلداری,منطقه 2,805,پزشکی‌ شیراز,45150,48097,34,1
آروین پیشوائی,منطقه 1,508,پزشکی‌ مشهد,46073,48104,41,1
مهدی قنبری,منطقه 2,1497,دندانپزشکی‌ سمنان,46227,48108,45,1
غزل شهریاری,,,داروسازی تهران,,48141,56,
مطهره علیپورنیاول,,,داروسازی تهران,,48150,65,
محمدمهدی بیلندی,,,پزشکی مشهد,,48157,69,
فاطمه فرجی عرقطو,منطقه 3,2452,داروسازی شهیدبهشتی,46698,48159,70,0.929
بنیامین صالحی,منطقه 2,1831,پزشکی زنجان,45947,48186,79,1
زهرا خسروی,منطقه 1,2625,پزشکی مشهد,46752,48187,80,1
مبین شعبانی,منطقه 2,1558,پزشکی قم,45024,48190,83,1
مبینا بهرامی,منطقه 2,2594,دندانپزشکی سمنان,47605,48197,89,1
علیرضا عابد,منطقه 2,972,دندانپزشکی رفسنجان,46142,48200,92,1
زهرا بکشلو,منطقه 3,2735,پزشکی زنجان,47419,48204,96,1
طاهره مهرپویا,منطقه 2,2699,پزشکی اراک,47357,48205,97,1
شیوا طالبی,,,پزشکی ایلام,,48211,99,
فاطمه زهرا سیمرغ,منطقه 2,1118,پزشکی‌ شهیدبهشتی,46349,48262,110,1
باران سلیم پور,,,پزشکی‌ شهیدبهشتی,,48268,112,
آفرین شینی,,,پزشکی‌ ایران,,48273,113,
فاطمه امیری,منطقه 3,1378,دندانپزشکی آزاد تهران,46816,48278,115,0.909
عرفان کرمعلی,منطقه 1,552,پزشکی شهیدبهشتی,45226,48280,117,1
مرتضی مسعودی,منطقه 3,260,پزشکی ایران,45452,48283,120,1
امیررضا جدی حسینی,منطقه 3,2768,پزشکی,46832,48285,122,1
پرنیا ماندگاری,,,پزشکی,,48291,124,
علی علی مددی صومعه ای,منطقه 2,370,پزشکی‌ شهیدبهشتی,45718,48292,125,0.938
مرجان عرفانی,,,دندانپزشکی مشهد,,48339,126,
زینب اصغریار,,,فیزیوتراپی مشهد,,48343,127,
فائزه یوسفیان,,,پزشکی آزاد مشهد,,48344,128,
فائزه عرفانیان,,,پزشکی آزاد مشهد,,48349,129,
رومینا موحدی نیا,منطقه 2,996,پزشکی‌,45122,48350,130,1
مریم عامری,,,پزشکی مشهد,,48355,131,
مژگان معصومیان,,,دندانپزشکی مشهد,,48359,132,
آیدا نوازی,,,پزشکی مشهد,,48363,133,
مریم لعل دولت آبادی,منطقه 3,616,پزشکی مشهد,48013,48364,134,0.968
علی صفری,,,پزشکی آزاد مشهد,,48368,135,
محمد گردوئی,,,پزشکی مشهد,,48374,137,
سمانه کریمی,,,پزشکی‌ مشهد,,48378,138,
محمدمهدی سلامت,,,فیزیوتراپی مشهد,,48386,141,
فاطمه امیریان,منطقه 3,1378,داروسازی,46816,48390,145,1
میکائیل اله بخش,منطقه 2,1848,دندانپزشکی‌ مشهد,46219,48394,149,1
نیما عبدلی,,,پزشکی تبریز,,48423,152,
آرتین قادری,,,پزشکی تبریز,,48429,154,
آیناز نجفی,,,پزشکی تبریز,,48435,156,
پریسا وکیلی سعیدابادی,منطقه 1,917,دندانپزشکی‌ آزاد تبریز,45114,48436,157,0.947
عباس ابراهیمی,منطقه 1,2152,فیزیوتراپی تبریز,47212,48437,158,1
امیررضا خسروزاده,منطقه 2,1146,پزشکی,46284,48440,161,1
کوثر سلمان زاده,منطقه 3,1428,پزشکی تبریز,46709,48444,165,1
یسنا کفیلی گرگری,منطقه 3,523,پزشکی تبریز,46037,48449,170,1
علی نبوی نیا,,,پزشکی اصفهان,,48490,184,
ستایش علی اکبری,,,دندانپزشکی آزاد اصفهان,,48497,191,
فاطمه امیدبخش,,,داروسازی اصفهان,,48503,193,
آوا طغرائی,,,دندانپزشکی آزاد اصفهان,,48504,194,
شکیبا عبدی,منطقه 3,1506,دندانپزشکی آزاد اصفهان,46128,48510,197,1
الناز افشاریان,منطقه 2,939,پزشکی‌ اصفهان,47534,48511,198,1
امیرمسعود تصدیقی ثانی,,,دندانپزشکی آزاد اصفهان,,48516,199,
مهدیه خودکارقمی,,,پزشکی شهیدبهشتی,,48535,203,
امیرحسین فیضی,,,پزشکی شاهد تهران,,48539,204,
اردشیر ابوالصدق,منطقه 1,931,پزشکی آزاد تهران,47636,48541,206,1
معصومه اشتیاقی,,,پزشکی ایران,,48545,207,
امیر بذرافشان,,,داروسازی بیرجند,,48549,208,
قاسم هاشمی ارانی,,,پزشکی ایران,,48551,209,
زهرا یحیایی,,,دندانپزشکی تهران,,48556,211,
امیرمحمد اسماعیلی,,,دندانپزشکی تهران,,48561,212,
نعیم منصوری,,,دندانپزشکی تهران,,48566,214,
میلاد رضیئی,,,فیزیوتراپی تهران,,48571,215,
زهرا شهسواری,,,پزشکی‌ آزاد تهران,,48579,219,
عرشیا بوجاران,,,داروسازی تهران,,48586,222,
سمیه شادکام,,,پزشکی شهیدبهشتی,,48590,223,
مهدی محمدی,,,پزشکی شهیدبهشتی,,48596,224,
محمدپارسا مرادی,,,دندانپزشکی تهران,,48600,225,
مریم احمدی کیا,,,پزشکی کرمانشاه,,48646,226,
سما بیگی,منطقه 2,609,پزشکی کرمانشاه,45146,48647,227,1
امیرعلی بیت الهی,,,پزشکی کرمانشاه,,48652,229,
سارینا علیزاده,منطقه 3,2368,پزشکی کرمانشاه,47163,48657,230,1
یگانه بساطی,,,پزشکی‌ کرمانشاه,,48662,231,
حسین فاتحی,,,پزشکی کرمانشاه,,48668,233,
ماهان احساندوست,,,پزشکی کرمانشاه,,48673,234,
یاسمین رحیمی,منطقه 2,1618,پزشکی کرمانشاه,46394,48678,239,1
سروش احمدی,منطقه 2,2582,پزشکی کرمانشاه,47548,48679,240,1
هستی همتیان,منطقه 2,1276,پزشکی کرمانشاه,46378,48682,243,1
زهرا نجاتی,,,دندانپزشکی کرمانشاه,,48688,245,
آیدا احمدی,,,پزشکی کرمانشاه,,48693,246,
احسان بشیری,,,پزشکی کرمانشاه,,48697,247,
سارا محمدی,,,پزشکی کرمانشاه,,48702,248,
یگانه یعقوبی گویا,,,داروسازی کرمانشاه,,48707,249,
زهرا فریادی,,,پزشکی کرمانشاه,,48708,250,
الناز جهانگیر برشنه,منطقه 1,3427,پزشکی شیراز,47759,48743,251,1
امیرطاها نوریان فر,,,دندانپزشکی شیراز,,48751,255,
ساغر تبعه ایزدی,,,پزشکی شیراز,,48756,257,
مهرناز حسینی,منطقه 3,1514,پزشکی‌ شیراز,48106,48759,260,1
فاطمه امینی نژاد,,,پزشکی شیراز,,48765,266,
یاسین دلداری سیوکی,,,دندانپزشکی آزاد شیراز,,48774,267,
محمدجواد دهقانی,,,دندانپزشکی ازاد شیراز,,48778,268,
مینا کاظمی,منطقه 1,809,دندانپزشکی شیراز,45690,48785,271,1
فاطمه عیدی نژاد,,,داروسازی شیراز,,48789,272,
اسما بهرامیان,,,پزشکی شیراز,,48794,273,
محمدامین بهمنی نسب,,,دندانپزشکی شیراز,,48799,274,
آتوسا نظری,,,پزشکی شیراز,,48804,275,
آتوسا نظری,,,پزشکی شیراز,,48806,275,
صبا ابراهیمی,,,پزشکی ساری,,48843,277,
فاطمه علی پناه,,,پزشکی ساری,,48847,278,
ریحانه یزدانی علی آبادی,,,پزشکی ساری,,48852,279,
فاطیما کابلی چلمردی,,,پزشکی آزاد ساری,,48857,280,
نرگس دوست نژاد,,,پزشکی ساری,,48862,281,
سید آرتین ساداتی,,,پزشکی ساری,,48866,282,
محیا قاضی مرادی,,,پزشکی آزاد ساری,,48870,283,
حلما قلی,,,پزشکی آزاد ساری,,48875,285,
حامد قنبری,,,پزشکی ساری,,48879,286,
رضا بکروی,,,پزشکی ساری,,48883,287,
زهره سمعه,,,پزشکی ساری,,48889,289,
الهام ال محمد,منطقه 2,1455,پزشکی ساری,46345,48892,292,1
مهتاب گریوانی,,,پزشکی ساری,,48896,293,
محمد فرستاده,منطقه 2,1493,پزشکی‌ ساری,46778,48897,294,1
مشکات اق اتابای,,,پزشکی ساری,,48902,295,
مریم ایزدی امرئی,,,پزشکی ساری,,48903,296,
عمادالدین ارازپور,منطقه 3,1040,پزشکی,45951,48908,297,1
راحیل بهفروز,منطقه 2,319,دندانپزشکی,47835,48909,298,0.952
فرزاد کریمی پورنمچ,,,پزشکی جیرفت,,48945,301,
زهرا مومنی,,,پزشکی کرمان,,48954,302,
پردیس حسنخانی,,,پزشکی کرمان,,48959,303,
ارشیا افضلی ساردو,منطقه 3,1026,پزشکی کرمان,47622,48961,305,1
سید حسین یادگاری,,,پزشکی کرمان,,48965,306,
ریحانه اکبری کوهبنانی,,,پزشکی کرمان,,48971,308,
زهرا سرمست,منطقه 2,2018,پزشکی کرمان,47553,48972,309,1
محسن حسینی,,,دندانپزشکی اهواز,,48976,310,
فاطمه زارع,,,فیزیوتراپی کرمان,,48981,311,
سارا محسنی,,,دندانپزشکی کرمان,,48986,313,
فرزانه سیاری,,,پزشکی کرمان,,48990,314,
محمدامین ستوده,,,پزشکی کرمان,,48994,315,
علی فرهادی,,,فیزیوتراپی کرمان,,48998,316,
کیمیا نقیبیان,منطقه 1,656,دندانپزشکی کرمان,46029,48999,317,1
علیرضا زحمتکشان,,,پزشکی آزاد کرمان,,49000,318,
امیرحسین عاطفی,,,پزشکی کرمان,,49008,319,
ایلین احمدزاده,,,پزشکی آزاد کرمان,,49009,320,
مهدی سیستانی بدوئی,,,پزشکی کرمان,,49017,321,
رومینا تاج الدینی,,,پزشکی کرمان,,49022,322,
لیدا بصیریان,منطقه 2,1458,پزشکی کرمان,45814,49023,323,1
فاطمه کارگرشورکی,,,دندانپزشکی یزد,,49061,327,
حسین بحرینی بهزادی,,,پزشکی یزد,,49070,333,
سجاد حیدری ورزنه,,,داروسازی یزد,,49075,334,
فاطمه کارگرشورکی,,,دندانپزشکی یزد,,49080,336,
مبینا امینی رارانی,منطقه 1,2663,فیزیوتراپی یزد,47221,49081,337,0.938
مهیا باقیان زارچی,,,فیزیوتراپی یزد,,49085,338,
شیوا بهنام,,,پزشکی یزد,,49086,339,
نیلوفر شاه زمانی,,,پزشکی یزد,,49091,340,
زینب زارع شاهی,,,دندانپزشکی یزد,,49095,341,
ریحانه مجردابرقوئی,,,پزشکی یزد,,49097,342,
ترنم آزادی,,,پزشکی یزد,,49102,343,
سالینا کیانی,,,پزشکی یزد,,49107,344,
محمدمهدی صحافی ابرقوئی,,,پزشکی یزد,,49112,345,
فاطمه سرافراز اردکانی,,,پزشکی یزد,,49117,346,
امیرمحمد غفاری,,,دندانپزشکی‌ یزد,,49118,347,
سیده ملیکا قائم محمدی,,,پزشکی یزد,,49123,348,
مبینا امیری رارانی,,,فیزیوتراپی,,49124,349,
ماهان شب گرد فریمانی,منطقه 3,1139,پزشکی,47484,49125,350,1
زهرا قیاسی قروه,,,داروسازی آزاد تهران,,49156,351,
ملیکا کاتبی,,,پزشکی آزاد تهران,,49160,352,
پوریا اکبری,,,پزشکی تهران,,49164,353,
مائده کلاته,,,پزشکی شاهد تهران,,49168,354,
امین ابوئی مهریزی,,,پزشکی تهران,,49173,355,
یلدا جلالی قره تپه,,,دندانپزشکی آزاد تهران,,49177,356,
محیا حاتمیان,,,پزشکی,,49182,357,
حسین عجم اکرامی,,,پزشکی بقیه الله,,49188,359,
محمدامین عزیزی,,,پزشکی ایران,,49193,361,
محدثه عباسی لاهیجانی,,,پزشکی شهید بهشتی,,49198,362,
فاطمه هادی,,,پزشکی ایران,,49203,363,
سمیرا محمدزاده بنه,,,پزشکی شهیدبهشتی,,49208,365,
امیر حسین زاده,,,پزشکی شهیدبهشتی,,49212,366,
محمدمبین مجاهدی,,,پزشکی شهیدبهشتی,,49216,367,
مائده رجب زاده ثانی آبادی,,,پزشکی شهیدبهشتی,,49222,369,
لیلا محمودی,,,پزشکی آزاد تهران,,49226,370,
نگین پیروزفرد,,,پزشکی شهیدبهشتی,,49231,371,
محمدعلی طهماسبی,,,پزشکی شهیدبهشتی,,49236,372,
بهناز قادری,,,دندانپزشکی شهیدبهشتی,,49241,373,
فرزانه شاهمرادی,منطقه 3,2053,پزشکی‌ شهیدبهشتی,48029,49242,374,1
متین نوری,,,دندانپزشکی همدان,,49268,376,
کیارش نریمانی,,,پزشکی همدان,,49273,377,
امیر علی زاده,,,پزشکی همدان,,49277,378,
فرانک محمدی,,,داروسازی همدان,,49280,379,
زهرا شریفی شایان,,,پزشکی همدان,,49288,380,
محسن محمدی,,,پزشکی همدان,,49292,381,
فاطمه زهرا اندیک,,,پزشکی بابل,,49295,382,
مریم یعقوبی,,,دندانپزشکی همدان,,49303,385,
نگار حبیب زاده,منطقه 2,2761,داروسازی همدان,46918,49305,387,1
زینب موسیوند دارانی,منطقه 2,2214,پزشکی همدان,47823,49306,388,1
سنا عموزاده,,,پزشکی همدان,,49309,389,
پریا ترکاشوند,,,پزشکی همدان,,49313,390,
صبا خدابنده لو,,,پزشکی همدان,,49314,391,
تینا علی محمدی,منطقه 2,654,دندانپزشکی همدان,45097,49320,393,1
مهتا مهربانی یگانه,,,پزشکی همدان,,49325,395,
علی بهرامی,منطقه 2,1146,پزشکی همدان,46468,49328,398,1
علی عبدالملکی,,,پزشکی همدان,,49330,400,
مانی محمدیان,,,دندانپزشکی بیرجند,,49414,402,
امین اسلامی,,,پزشکی بیرجند,,49422,403,
فاطمه دستورانی,,,پزشکی آزاد بیرجند,,49432,404,
فاطمه زهرا مقدم,,,دندانپزشکی بیرجند,,49436,405,
سعید شجاعی,,,پزشکی آزاد بیرجند,,49441,406,
خشایار عزیزی,,,پزشکی بیرجند,,49446,407,
محمدرضا اصلانی,,,دندانپزشکی بیرجند,,49447,408,
مائده بداغ آبادی,,,پزشکی بیرجند,,49454,409,
اسرا کارگر,منطقه 1,2257,پزشکی بیرجند,46764,49455,410,1
هادی پیری,,,پزشکی بیرجند,,49459,411,
مهدی عرب زاده,,,دندانپزشکی بیرجند,,49465,413,
ریحانه اسماعیلی,,,پزشکی بیرجند,,49469,414,
سید محمدعلی حسینی,,,پزشکی بیرجند,,49480,421,
سیدمحمدحسن براتی,,,دندانپزشکی بیرجند,,49487,424,
فاطمه زهرا هاونگی,,,پزشکی بیرجند,,49491,425,
مبین رحیم نژاد,,,دندانپزشکی ارومیه,,49531,433,
اریا مرادی,,,پزشکی ارومیه,,49535,434,
علی جعفرپور,,,پزشکی ارومیه,,49540,435,
فاطمه پورمحمد,,,پزشکی ارومیه,,49545,436,
امیررضا ابراهیمی,,,دندانپزشکی ارومیه,,49549,437,
احسان برزی,منطقه 3,924,پزشکی ارومیه,45722,49550,438,1
سپیده پاک طینت,,,پزشکی ارومیه,,49559,440,
مهسا زارع ثقین سرا,,,پزشکی ارومیه,,49560,439,
پریا شهدی,,,پزشکی ارومیه,,49565,441,
سلوا عباس زاده بهستانی,,,پزشکی ارومیه,,49566,442,
حسین جودمند,,,پزشکی ارومیه,,49572,443,
دانیال ابراهیمی,,,پزشکی ارومیه,,49577,444,
سار‌و محمدنژاد,,,پزشکی ارومیه,,49581,445,
سامیار چوکلی,,,پزشکی ارومیه,,49590,450,
یاسمن دولت آبادی مقدم,منطقه 2,1853,پزشکی رشت,46301,49614,452,1
ستاره ریاحی,,,پزشکی رشت,,49624,458,
فاطمه مسیب پور,,,پزشکی رشت,,49629,459,
کیارش امیری مقدم,,,داروسازی رشت,,49631,460,
امیرعلی قندهاری,,,پزشکی رشت,,49634,461,
سید مسعود شفیقی کوزانی,,,پزشکی رشت,,49639,462,
پوریا ابراهیمی,,,دندانپزشکی رشت,,49643,463,
اریا ابوالقاسمی,,,پزشکی رشت,,49647,464,
غزل شیخی,,,دندانپزشکی رشت,,49652,465,
فاطمه حسین پناه,,,دندانپزشکی رشت,,49656,466,
ویدا نوروزی,,,پزشکی رشت,,49660,467,
امیرحسین فسونی,,,پزشکی رشت,,49664,468,
محمدامین سهرابی,,,پزشکی رشت,,49669,471,
عرفان نصر ثابت قدم,,,پزشکی رشت,,49675,473,
سارا عسکری حسن آبادی,,,پزشکی رشت,,49676,474,
سرور شرفی,,,پزشکی اهواز,,49706,479,
آرمین اکبری بیرگانی,,,پزشکی اهواز,,49712,482,
احمد دغاغله,منطقه 2,2552,پزشکی اهواز,46824,49713,483,1
ماهان چناری,,,پزشکی اهواز,,49718,484,
مهدی مرادنژاد دیل,,,پزشکی اهواز,,49723,485,
الناز نصرتی,,,پزشکی اهواز,,49727,486,
پارسا محمدنژاد,,,پزشکی جندی شاپور اهواز,,49732,487,
حسام الدین عباس زاده,,,پزشکی اهواز,,49737,488,
پویا بوستانی,,,پزشکی اهواز,,49742,490,
نیما مرادی,,,دندانپزشکی اهواز,,49746,491,
آذین ظاهری,,,داروسازی اهواز,,49749,492,
فاطمه جهانبازی,,,پزشکی اهواز,,49752,493,
مهدی مرادی,,,پزشکی اهواز,,49756,494,
ماجد امیری,,,پزشکی اهواز,,49760,495,
علی خزاعی,,,پزشکی اصفهان,,49764,496,
سکینه احمدی,,,پزشکی اهواز,,49769,497,
پرنیان سوری,,,پزشکی آزاد اهواز,,49770,498,
ضیا حردانی,,,پزشکی اهواز,,49778,499,
نرگس میر چناری,,,پزشکی اهواز,,49783,500,
ملیکا نبی,,,فیزیوتراپی بابل,,49814,503,
مهران علی نژاد آذر,منطقه 2,1076,دندانپزشکی,45926,49815,504,0.889
زهرا نازک تبار,,,پزشکی بابل,,49819,505,
آریوبرزن فیضی,منطقه 3,2378,پزشکی بابل,47696,49820,506,1
شمیم کریمیان,,,پزشکی اردبیل,,49826,509,
امیرعباس پورطهماسب پیچا,,,پزشکی ساری,,49835,511,
طه باقرنژاد,منطقه 2,302,پزشکی بابل,45381,49841,512,1
علی اصغر ابراهیمی,منطقه 2,691,پزشکی بابل,47201,49842,513,1
ستایش بذرافشان,,,پزشکی آزاد کرمان,,49843,514,
امیرمحمد محمدی زرج آباد,,,پزشکی ساری,,49853,516,
فاطمه نیک پناه,,,پزشکی آزاد ساری,,49854,517,
الهام یوسف پورشیرانی,,,پزشکی بابل,,49861,520,
سپهر صاحبی,,,پزشکی بابل,,49866,521,
امیرحسین حیدرزاده کلائی,,,پزشکی بابل,,49871,522,
هیراد موذنی,,,پزشکی ساری,,49876,523,
آوا شیخ الاسلامی,,,پزشکی بابل,,49877,524,
ملیکا بوتیمار,,,پزشکی بابل,,49885,525,
عرشیا مهرابی,,,پزشکی خرم ‌‌آباد,,49925,527,
فاطمه روشنائی,,,داروسازی خرم,,49930,528,
سعیده ترابی سوار,منطقه 3,1040,پزشکی خرم آباد,45635,49931,529,1
غزل داوران,,,دندانپزشکی آزاد بروجرد,,49936,531,
مریم مرادیان,,,دندانپزشکی آزاد بروجرد,,49941,532,
محسن نیک آبادی,,,دندانپزشکی آزاد بروجرد,,49946,533,
یاسین واعظی نژاد,,,پزشکی آزاد خرم آباد,,49951,534,
نادیا فکری,,,پزشکی خرم آباد,,49954,535,
فاطمه فصیحی,,,داروسازی خرم آباد,,49958,536,
عارفه نورمحمدی,,,پزشکی خرم آباد,,49963,537,
فائزه زارعیانی,,,پزشکی خرم آباد,,49967,538,
امیرمهدی محمودوند,,,پزشکی آزاد خرم آباد,,49968,539,
حانیه امیری,,,پزشکی خرم آباد,,49972,540,
پریا علیزاده,,,پزشکی خرم آباد,,49979,543,
محمدطاها رشیدی فرد,,,پزشکی خرم آباد,,49984,544,
محمدسام کشاورزفرد,,,پزشکی خرم آباد,,49988,545,
محمدبهراد کیانفر,,,پزشکی آزاد خرم آباد,,49993,546,
وحید همتی,,,پزشکی خرم آباد,,49997,547,
فاطمه رشنو,,,پزشکی خرم آباد,,50002,548,
مریم نادی پور,,,پزشکی خرم آباد,,50006,549,
یکتا ستاره,,,پزشکی شاهرود,,50033,552,
حسن حاجیلو,,,پزشکی سمنان,,50038,553,
فاطمه نیک نام موسی اباد,منطقه 1,2625,فیزیوتراپی سمنان,47902,50039,554,0.947
اطرا نجاتی,,,پزشکی سمنان,,50043,555,
هنگامه خادمی,,,پزشکی سمنان,,50044,556,
محمدرضا مهدیزاده,,,فیزیوتراپی,,50052,557,
سیدامیرحسین هاشمی,,,دندانپزشکی سمنان,,50055,558,
محمد صندوق ساز,,,دندانپزشکی سمنان,,50059,559,
نیلوفر باقرزاده,,,دندانپزشکی سمنان,,50063,560,
فاطمه رحمان خواه,,,پزشکی آزاد شاهرود,,50068,561,
ابوالفضل شیخ زاده ایوری,,,پزشکی شاهرود,,50073,562,
مهلا رفعتی,,,پزشکی شاهرود,,50077,563,
فاطمه خاوری,منطقه 3,2089,پزشکی سمنان,47155,50078,564,1
فاطمه متین,,,پزشکی آزاد شاهرود,,50085,565,
امیرعباس ابراهیمی,,,پزشکی سمنان,,50089,566,
شکیبا افشارزاده,منطقه 1,1867,داروسازی سمنان,47147,50090,567,1
فائزه حاتم پریخانی,,,پزشکی شاهرود,,50094,568,
پارسا مرادی,,,پزشکی آزاد شاهرود,,50102,569,
مهشید عبدالهی زاده,,,فیزیوتراپی سمنان,,50109,570,
سوگل کشاورزمهر,,,پزشکی شاهرود,,50110,571,
محمدرضا نصرتی,,,پزشکی شاهرود,,50114,572,
امیرحسین زیاری,,,پزشکی سمنان,,50115,573,
مهدیا عمادالدین,,,پزشکی سمنان,,50124,574,
متین کتال,,,پزشکی سمنان,,50128,575,
علی سعیدی,منطقه 2,2594,پزشکی‌ زنجان,46840,50156,577,1
امیرحسین شمسی,,,پزشکی زنجان,,50161,578,
سارا ابراهیم زاده بزاباد,,,داروسازی زنجان,,50166,579,
حمیدرضا عظیمی,,,پزشکی زنجان,,50173,582,
امیرمحمد احمدزاده,,,پزشکی زنجان,,50177,584,
مهدی رئیسی اردلی,,,پزشکی زنجان,,50182,585,
مرضیه ترابیان,,,داروسازی زنجان,,50186,586,
زهرا دربان باجه باج,,,پزشکی زنجان,,50190,587,
بهراد فرجی,,,داروسازی زنجان,,50194,588,
مارینا امیربستاقی,,,پزشکی زنجان,,50198,589,
علیرضا هلالی,,,داروسازی زنجان,,50202,590,
ساره کعبی,,,پزشکی زنجان,,50203,591,
امیرمهدی مرادی,,,داروسازی زنجان,,50211,592,
ساجده بیگدلو,,,پزشکی زنجان,,50215,593,
سید سروش حسینی,,,داروسازی زنجان,,50219,594,
صنم جعفرزاده ملکی,,,پزشکی زنجان,,50224,595,
مانی عبدی قیداری,,,پزشکی زنجان,,50229,597,
محمدپارسا نوروزی,,,پزشکی زنجان,,50234,598,
ادیب امیدیان,منطقه 3,2015,دندانپزشکی زنجان,46902,50235,599,1
فاطمه حجار,,,دندانپزشکی زنجان,,50240,600,
امیرمحمد پیروزه,منطقه 3,1959,پزشکی بندرعباس,46333,50286,601,1
نگار حسینی پور,منطقه 3,1620,پزشکی بندرعباس,47740,50287,602,1
عطیه دربندی فراهانی,,,داروسازس بندرعباس,,50294,605,
محمدرضا مهدوی دامغانی,,,پزشکی آزاد قشم,,50301,607,
محمدهادی رضائیان,,,پزشکی آبادان,,50306,608,
پارمیدا کریمی,,,پزشکی‌ آبادان,,50310,609,
بهنوش بیابانی,,,پزشکی بندرعباس,,50317,612,
تارا نوری زاده,,,پزشکی دزفول,,50322,613,
امیرمحمد آقائی,,,پزشکی دزفول,,50327,614,
آذین نوروزی,,,پزشکی دزفول,,50332,615,
ایلیا احمدی,,,پزشکی یاسوج,,50336,616,
محمدامین لک,,,فیزیوتراپی اهواز,,50340,617,
زهره عمرانی,,,پزشکی اهواز,,50341,618,
روژان ساعدی,,,پزشکی اهواز,,50345,619,
مهدی محمدی اشکفتکی,,,پزشکی اهواز,,50354,620,
احسان مدبری,منطقه 3,2167,پزشکی اهواز,47541,50355,621,1
عرفان رضایی,,,پزشکی بندرعباس,,50357,623,
سید مجتبی جلالی,,,پزشکی بندرعباس,,50366,624,
علی غفاری,,,پزشکی بندرعباس,,50371,625,
شقایق وحدانی,,,پزشکی گناباد,,50406,627,
مهشاد ناطقی,,,پزشکی گناباد,,50407,628,
امیرمحمد اکبریان,,,پزشکی گناباد,,50415,629,
محمدجواد حسینی,,,پزشکی تربت حیدریه,,50421,631,
سیده میترا میرجلیلی,منطقه 1,2477,پزشکی تربت حیدریه,47619,50422,632,1
فرزانه عابدی,,,پزشکی نیشابور,,50426,633,
محمدرضا صالحی,,,پزشکی نیشابور,,50427,634,
حانیه موسوی,,,پزشکی نیشابور,,50435,635,
نازنین زهرا خورسندی,,,پزشکی نیشابور,,50442,638,
هلنا داودنیا,,,پزشکی سبزوار,,50443,639,
سیده بهجت آقائی,,,پزشکی سبزوار,,50450,640,
سما خلیلی,,,پزشکی سبزوار,,50455,641,
مهرشاد اسدی,,,پزشکی سبزوار,,50459,642,
سیده زینب سیدی,,,پزشکی سبزوار,,50463,643,
محمد سرمدی سلطانی,,,پزشکی سبزوار,,50467,644,
آناهیتا شهراز,,,پزشکی سبزوار,,50471,645,
حنانه فرخی بالاجاده,,,پزشکی گناباد,,50476,647,
عرفان رفتار علی آبادی,,,پزشکی سبزوار,,50481,646,
امیرحسین رضائی,,,پزشکی گناباد,,50485,648,
حمیده قاسمی پور,,,پزشکی گناباد,,50489,649,
مهدیه رازی,,,پزشکی گناباد,,50490,650,
دینا رجبی,,,داروسازی تبریز,,50520,651,
زهرا بهپور مقدم,,,فیزیوتراپی تبریز,,50525,652,
ابوالفضل رجبی قاضی کندی,,,دندانپزشکی تبریز,,50531,655,
یاسین مینقی زاده,,,پزشکی تبریز,,50535,656,
ریحانه کریمی عیان,,,پزشکی تبریز,,50539,657,
امیرحسین محبت طلب,,,دندانپزشکی ساری,,50543,658,
محمد رهنما,منطقه 3,587,پزشکی تبریز,46675,50544,659,1
محمدحسین ابراهیم زاده,,,پزشکی آزاد تبریز,,50549,660,
فاطمه فرزانگان,,,پزشکی تبریز,,50554,661,
حدیثه حیدری,,,پزشکی تبریز,,50557,662,
ماردین قادری,,,پزشکی تبریز,,50562,663,
فاطمه سیفی,,,پزشکی آزاد تبریز,,50566,664,
فاطمه رزاقی,,,پزشکی تبریز,,50568,666,
محدثه میرزائی,,,پزشکی آزاد تبریز,,50575,667,
ضحا مرتضائی,,,پزشکی تبریز,,50576,668,
مهسا اژدرورجوی,,,پزشکی تبریز,,50581,669,
مهدی مهدی زاده,,,پزشکی تبریز,,50585,670,
زهرا اسلامی,,,داروسازی تبریز,,50586,671,
شکیلا فقه کریمی,,,پزشکی آزاد تبریز,,50594,672,
رابعه غواص زاده,,,پزشکی تبریز,,50595,673,
ابوالفضل حیدری,,,پزشکی بیرجند,,50602,674,
علی نجفی,,,پزشکی آزاد تبریز,,50607,675,
سینا ذاکری,,,دندانپزشکی شیراز,,50647,676,
فائزه جلیل زاده,,,فیزیوتراپی شیراز,,50652,677,
ابوالفضل فریدونی مهر,,,پزشکی فسا,,50653,678,
فاطمه رهبرماه,,,پزشکی فسا,,50662,679,
نازنین زهرا مسعودی,,,پزشکی فسا,,50666,680,
فاطمه برخوردار,,,پزشکی فسا,,50672,682,
هانیه عباسی,,,پزشکی ازاد کازرون,,50676,683,
محمدپارسا فرار,,,پزشکی آزاد کازرون,,50681,684,
یاسر عباسی فرودی,,,پزشکی شیراز,,50685,685,
حسین کاظمی میرکی,,,پزشکی شیراز,,50690,686,
ملینا شرفی,,,پزشکی شیراز,,50695,687,
مهدیه مریدزاده,,,پزشکی جهرم,,50696,688,
محمدامین رعیتی,,,پزشکی جهرم,,50701,689,
میلاد فرصت,,,پزشکی جهرم,,50709,690,
آرین نژاد سلیمانی,,,پزشکی جهرم,,50713,691,
زهرا ضیائی,,,پزشکی جهرم,,50714,692,
فاطمه بادامی,,,پزشکی شیراز,,50716,694,
نیلوفر توکلی شورجه,,,پزشکی شیراز,,50720,695,
علی قادری,,,پزشکی شیراز,,50728,696,
ارین دهقانی,,,پزشکی شیراز,,50732,697,
مریم ظفری,,,پزشکی شیراز,,50737,698,
فاطمه عیدی نژاد,,,داروسازی شیراز,,50741,699,
سارا یاراحمدی قرائی,,,پزشکی زاهدان,,50775,701,
امیرمحمد بختیاری,,,پزشکی زاهدان,,50776,702,
یگانه میری,,,پزشکی زاهدان,,50780,703,
ماهان احمدانی,,,فیزیوتراپی زاهدان,,50785,704,
ریحانه امیری,,,پزشکی زاهدان,,50789,705,
ابوالفضل شهدادی,,,پزشکی زاهدان,,50790,706,
عطیه اصغری مقدم,,,پزشکی زاهدان,,50798,707,
امیرعلی شاکری,منطقه 2,1755,پزشکی زاهدان,49809,50802,708,0.917
نازنین فاطمه منظری توکلی,,,پزشکی زابل,,50803,709,
یلدا شهریور,,,پزشکی زابل,,50807,710,
زهرا شادمان ماهانی,,,پزشکی زابل,,50811,711,
فاطمه وزیری,,,پزشکی ایرانشهر,,50823,712,
محدثه کیانیان راد,,,پزشکی ایرانشهر,,50824,713,
کیانا جدی گللو,,,پزشکی زاهدان,,50832,714,
علی عبداله وند,,,پزشکی زاهدان,,50836,715,
کوثر قزاقی,,,داروسازی زابل,,50837,716,
محمد باقی,,,دندانپزشکی زاهدان,,50841,717,
ایلیا جعفری,,,دندانپزشکی زاهدان,,50845,718,
معصومه الله صوفی,,,فیزیوتراپی زاهدان,,50850,719,
پژمان صحرائی,,,پزشکی زاهدان,,50854,720,
دینا زمان آبادی,,,پزشکی زاهدان,,50860,722,
یسنا ایمانی,,,پزشکی زاهدان,,50861,723,
الناز لنگری پور,منطقه 3,2982,پزشکی زاهدان,48033,50862,724,1
ستایش سهرابی,,,پزشکی زابل,,50863,725,
سوگند سلیمی فرد,منطقه 3,1404,پزشکی‌ کرمانشاه,48087,50938,726,1
سیده ساینا حسینی,,,پزشکی کرمانشاه,,50943,728,
هانیه دادجو,,,پزشکی کرمانشاه,,50944,729,
امیرمحمد رحمتی,,,پزشکی کرمانشاه,,50945,730,
زهرا احمدی,,,پزشکی کرمانشاه,,50951,732,
امیرمحمد بساطی سرکانه,,,پزشکی کرمانشاه,,50954,733,
ساینا ثابتی,,,دندانپزشکی,,50955,734,
سجاد قربانی حضاری,,,داروسازی کرمانشاه,,50964,735,
محنا دوستی,,,پزشکی کرمانشاه,,50968,736,
امیرحسام ابراهیمی,,,دندانپزشکی کرمانشاه,,50972,737,
علیرضا انتظاری,,,پزشکی کرمانشاه,,50976,738,
امیرمحمد سعیدی,,,پزشکی کرمانشاه,,50981,739,
حدیث مرادی,,,پزشکی کرمانشاه,,50986,740,
روژین حسنی,,,پزشکی کرمانشاه,,50991,741,
زهرا ولیزاده,,,پزشکی کرمانشاه,,50995,742,
علیرضا نوروزی,,,پزشکی کرمانشاه,,51000,743,
سارینا علیزاده,منطقه 3,2368,پزشکی کرمانشاه,47163,51001,744,1
فاطمه رجب زاده,,,داروسازی کرمانشاه,,51002,745,
فاطیما پیمانی,,,داروسازی کرمانشاه,,51006,746,
شایان گلستان پور,,,دندانپزشکی کرمانشاه,,51007,747,
ایلیا احمدیان فر,,,پزشکی کرمانشاه,,51011,748,
امیرحسین رضازاده,,,پزشکی کرمانشاه,,51016,749,
آرمیتا آدینه وند,,,پزشکی کرمانشاه,,51017,750,
محیا نوروزی,,,پزشکی آزاد ساری,,51046,751,
رحمان فلاح ابدی,,,پزشکی رشت,,51050,752,
آتنا حسنی سنگانی,,,داروسازی آزاد آمل,,51054,753,
بیتا پارسه,,,داروسازی آزاد,,51058,754,
محمدامین رحمانی عرب,,,پزشکی گرگان,,51061,755,
سنا ارخی,,,پزشکی گرگان,,51067,756,
فاطمه مهدوی,,,پزشکی گرگان,,51071,757,
سیدعلی اسدی,,,پزشکی گرگان,,51075,758,
جواد همت یار,,,پزشکی آزاد تنکابن,,51078,761,
مطهره فتوحی,,,پزشکی آزاد تنکابن,,51085,762,
امیررضا فرهادی,,,پزشکی آزاد تنکابن,,51089,763,
آرش قاسمی,,,پزشکی آزاد تنکابن,,51093,764,
یاسمن بهبهانی,,,پزشکی‌ بابل,,51094,765,
محمدصادق خلیل زاده,,,پزشکی آزاد تنکابن,,51098,766,
مهدی راسخی,,,پزشکی رشت,,51103,767,
محمد صفائی,,,داروسازی رشت,,51104,768,
نیما نیکو,منطقه 3,1067,پزشکی گرگان,46277,51107,771,1
علیرضا رجب زاده,,,پزشکی گرگان,,51111,772,
مریم عارف اصل,,,پزشکی گرگان,,51112,773,
امیرحسین بهمنی جلالی,,,پزشکی گرگان,,51117,774,
هدیه رحیمی,منطقه 2,2810,دندانپزشکی کرج,47815,51143,776,1
مریم سادات موسوی,,,پزشکی,,51145,778,
محمد وندالوند,منطقه 2,1418,پزشکی کرج,47905,51146,779,1
حنانه قدیمی,منطقه 2,1926,داروسازی کرج,46164,51147,780,1
حسنا شاکری,,,پزشکی آجا,,51151,781,
ندا بامری,,,پزشکی آجا,,51154,782,
علی فاضلی,,,پزشکی آجا,,51158,783,
سام بیداری,منطقه 1,851,پزشکی کرج,45154,51159,784,1
سیده مبینا فرزانه علی آبادی,,,داروسازی کرج,,51164,785,
دانیال نصیری,منطقه 1,902,پزشکی‌ کرج,47399,51167,788,1
امیرطاها دهقان,,,پزشکی کرج,,51172,789,
هانیه حسنلو,,,پزشکی کرج,,51177,790,
عسل بوعذار,,,پزشکی آبادان,,51181,791,
نغمه داوند,,,پزشکی کرج,,51190,792,
فاطمه انصاری,,,پزشکی کرج,,51191,793,
محمدرضا اسدی,منطقه 2,2277,دندانپزشکی کرج,46962,51195,794,1
فاطمه شبانی گوکی,,,پزشکی کرج,,51200,795,
فاطمه مالمیر,,,پزشکی کرج,,51206,797,
شیرین داستانی,,,پزشکی کرج,,51211,798,
زهرا گوهری جمیل,,,پزشکی کرج,,51212,799,
رضا صادقی زفره,,,پزشکی اراک,,51235,801,
علی چگینی,,,پزشکی اراک,,51236,802,
محمدمعین صدیق,,,پزشکی اراک,,51240,803,
فاطمه سلمانی,,,پزشکی اراک,,51246,804,
فردین ایران فر,,,پزشکی اراک,,51247,805,
امیرمهدی عباسی,,,دندانپزشکی اراک,,51254,806,
مرضیه شبانی,,,پزشکی اراک,,51259,807,
پرهام محمدی,,,پزشکی اراک,,51264,808,
علی رفیعی,,,دندانپزشکی اراک,,51268,809,
ساینا موسوی,,,پزشکی اراک,,51273,810,
سمانه یوسفی نجف آبادی,,,پزشکی ساوه,,51278,811,
هلیا مومنی سروشک,,,پزشکی اراک,,51282,812,
حنانه ابراهیمی اسد,,,پزشکی اراک,,51286,813,
فاطمه جعفری نژاد,,,پزشکی اراک,,51287,814,
پریا عبدلی,,,پزشکی اراک,,51300,816,
امیرحسین شهبازی,,,پزشکی اراک,,51305,817,
محمدجواد فریدونی,,,پزشکی اراک,,51312,821,
سحر اسمعیل زاده,,,پزشکی یاسوج,,51352,826,
علی اسمعیل خانی,,,پزشکی یاسوج,,51353,827,
حسین حاجی بابائی,,,پزشکی یاسوج,,51357,828,
مینا کیوانی,,,دندانپزشکی یاسوج,,51361,829,
یوسف اموس,,,دندانپزشکی یاسوج,,51366,830,
فاطمه بختیاری,,,فیزیوتراپی رشت,,51370,831,
محمدمهدی صادقی,منطقه 2,724,دندانپزشکی یاسوج,47428,51371,832,1
مهدیه بهره بر,,,پزشکی یاسوج,,51374,833,
ماهان کوچکی,,,پزشکی یاسوج,,51378,834,
مژگان اصلانی,,,پزشکی شهرکرد,,51381,837,
ستایش غلامزاده,,,پزشکی تبریز,,51385,838,
محمد بیگی,,,پزشکی شهرکرد,,51389,839,
الینا البوناصر,,,فیزیوتراپی شهرکرد,,51393,840,
محمدمهدی اشراقی سامانی,,,پزشکی شهرکرد,,51397,841,
اشکان کاظمی,,,دندانپزشکی شهرکرد,,51401,842,
ابوالفضل شریفی,,,پزشکی شهرکرد,,51404,843,
مبینا سعیدی,,,فیزیوتراپی شهرکرد,,51408,844,
یاسین خداپناه,,,پزشکی شهرکرد,,51413,845,
فاطمه احمدی,,,پزشکی شهرکرد,,51417,846,
فردین محمدی مصیری جلیلی,,,پزشکی شهرکرد,,51421,847,
مهسا جلالی,منطقه 2,613,دندانپزشکی شهرکرد,46146,51422,848,1
زهرا سراج الدین میرقائد,,,دندانپزشکی شهرکرد,,51427,850,
روژان رستمی,منطقه 3,1157,پزشکی سنندج,45514,51448,851,1
کیانا صفائی,منطقه 3,2433,پزشکی,48020,51450,853,1
روژان مهرادیان,,,دندانپزشکی سنندج,,51457,856,
آریا کریمی,,,دندانپزشکی سنندج,,51461,857,
آرتین خضری وند,,,پزشکی سنندج,,51467,859,
نارین مبارکی,,,پزشکی سنندج,,51471,860,
امانج خدامرادی,,,دندانپزشکی سنندج,,51476,861,
سید محمدپارسا حسینی,,,دندانپزشکی سنندج,,51480,862,
محمدمهدی نظرآبادی,,,پزشکی سنندج,,51484,863,
دیانا محمودی,,,دندانپزشکی کرمانشاه,,51488,864,
ژینو بهمنی,منطقه 2,2018,پزشکی سنندج,46608,51489,865,1
محمدمتین سوکی,,,پزشکی سنندج,,51494,866,
هاجر پیمانی,,,پزشکی سنندج,,51499,867,
پرنیان پورجمال,,,پزشکی سنندج,,51502,868,
مومن خدامرادی,,,پزشکی سنندج,,51507,869,
سینا محمودی ججین,,,پزشکی سنندج,,51512,870,
محمد یوسفی,,,پزشکی کرمانشاه,,51513,871,
آریا غرائی,,,پزشکی سنندج,,51522,872,
حنانه شاه محمدی,منطقه 2,2101,پزشکی قم,46966,51549,876,0.929
سید رضا حسینیان,,,دندانپزشکی قم,,51559,877,
ثنا بابالو,,,پزشکی آزاد قم,,51560,878,
محمدرضا محسنی,,,پزشکی قم,,51569,879,
ابوالفضل غلامی مقنع,,,پزشکی قم,,51574,881,
امیرحسین افشارلو,,,پزشکی قم,,51578,882,
زهرا نوروزی,,,پزشکی قم,,51582,883,
فاطمه فراهانی,,,پزشکی آزاد قم,,51586,884,
محمدصادق بروجردی,,,پزشکی قم,,51590,885,
مریم تلخابی,,,دندانپزشکی قم,,51591,886,
محمدرضا نبی,,,پزشکی قم,,51601,888,
حنانه سادات طباطبائی نژاد,,,پزشکی قم,,51605,889,
نگار پورخانعلی,,,پزشکی,,51607,891,
سهراب رحمانی,منطقه 3,1990,پزشکی قزوین,46382,51609,893,1
فاطمه محمدی,,,پزشکی قزوین,,51613,894,
امیرحسین عبدی,,,پزشکی قزوین,,51617,895,
سامان صادقی پور,,,دندانپزشکی قزوین,,51622,897,
امیررضا حسین زاده پشت مساری,,,پزشکی قزوین,,51627,898,
پریا بابائی,,,پزشکی قزوین,,51632,899,
مهسا مقدمی,منطقه 2,1065,دندانپزشکی قزوین,46951,51633,900,1
کیمیا جوبانو,منطقه 3,1506,دندانپزشکی ایلام,46172,51664,901,1
حسنا صیدخانی,,,دندانپزشکی ایلام,,51669,906,
سیدمحمد رمضانی نیا,,,پزشکی ایلام,,51678,907,
عسل مرادی چقاماهی,,,پزشکی ایلام,,51681,908,
احمدرضا فتح اللهی,,,پزشکی ایلام,,51685,909,
نرگس بادفر,,,پزشکی ایلام,,51690,910,
رضا غیب اله زاده,,,پزشکی ارومیه,,51693,911,
ایمان مستوفی,,,فیزیوتراپی تهران,,51697,912,
پرند جمشیدزادی,,,پزشکی ایلام,,51698,913,
محمدامین موسی خانی,,,پزشکی ایلام,,51704,914,
محمدامین شیری,منطقه 1,1104,پزشکی ایلام,48143,51705,915,0.88
علی رضائیان,,,پزشکی ایلام,,51709,916,
مهدیه نادی,,,پزشکی ایلام,,51710,917,
مرضیه عباسی,,,پزشکی ایلام,,51718,918,
محمدامین سعادت,,,پزشکی ایلام,,51722,919,
پردیس عموزاده,,,پزشکی ایلام,,51731,920,
امیرحسین احمدی,,,پزشکی ارومیه,,51735,921,
سیده گشین هاشمی,,,پزشکی ارومیه,,51739,922,
غزال صادقی,منطقه 3,2002,پزشکی ایلام,46584,51740,923,1
آرینا نجفی مهر,,,پزشکی ایلام,,51745,924,
عسل مرادی چقاماهی,,,پزشکی ایلام,,51748,925,
اتنا خانزادجهان خانملو,,,پزشکی اردبیل,,51794,926,
امیرمهدی اصغری,,,دندانپزشکی اردبیل,,51800,928,
زینب غفار پور,,,پزشکی اردبیل,,51803,929,
محمدحسین نجف زاده,منطقه 1,1745,پزشکی اردبیل,45578,51804,930,1
فاطمه سلطانی,,,پزشکی تبریز,,51808,931,
محمد غفاری,,,پزشکی تبریز,,51813,932,
الیاس شکری قمشی,,,پزشکی ارومیه,,51816,933,
سونیا کوهی کردکندی,,,پزشکی ارومیه,,51817,934,
بنیامین کرمی,منطقه 1,914,پزشکی‌ تبریز,48103,51822,935,1
امیرمحمد قوامی,,,دندانپزشکی اردبیل,,51829,936,
علیرضا جعفری گیلانده,,,پزشکی آزاد اردبیل,,51834,937,
امیررضا اتشکار,,,پزشکی اردبیل,,51838,938,
ملیکا خلیفه ای,,,پزشکی یاسوج,,51839,939,
محمدحسین ناطقی,,,دندانپزشکی اردبیل,,51844,940,
عرفان شیری قرابغاز,,,دندانپزشکی ارومیه,,51848,941,
آریسا لشکری اقدم,,,پزشکی ارومیه,,51849,942,
فرزاد کرمی گزدره,,,پزشکی ارومیه,,51854,943,
سینا زرد,,,پزشکی ارومیه,,51858,944,
ساناز کریمی شاوون,,,پزشکی اردبیل,,51866,948,
امیررضا قدیری مقدم,,,پزشکی اردبیل,,51868,950,
مهسا کرامتی,,,پزشکی بجنورد,,51919,951,
ستایش اسماعیلی,,,پزشکی بجنورد,,51922,952,
فائزه کرفی,,,پزشکی بجنورد,,51930,953,
مریم ابراهیمی,,,پزشکی بجنورد,,51934,954,
کبرا فرناد,,,پزشکی بجنورد,,51938,955,
سید حسام الدین اسلامی زیدانلو,,,پزشکی بجنورد,,51942,956,
مهلا هوشمند,,,دندانپزشکی بجنورد,,51948,958,
محمدصالح صابری مقدم,منطقه 2,2415,پزشکی بجنورد,47744,51949,959,1
ستاره طحان فورک,,,دندانپزشکی بیرجند,,51950,960,
نازنین فاطمه زارع,,,پزشکی بیرجند,,51954,961,
مهرگان میری,,,پزشکی آزاد بیرجند,,51963,962,
امیررضا روح آبادی,,,پزشکی سبزوار,,51967,963,
ابوالفضل ناصری,,,پزشکی بجنورد,,51969,965,
فاطمه خالق نژاد,,,پزشکی بجنورد,,51973,966,
ایلیا ملکی کولائی,,,پزشکی آزاد بجنورد,,51978,967,
اشکان اسدی ازغدی,,,پزشکی آزاد بجنورد,,51983,968,
مهدی کیانی شهرستانک,,,دندانپزشکی بیرجند,,51984,969,
ماریا شاهینی,,,پزشکی بیرجند,,51987,970,
فاطمه اسکندری قاچکانلو,منطقه 2,1939,پزشکی بجنورد,45919,51988,971,1
امیررضا فعال,,,پزشکی بجنورد,,51993,972,
محمدصالح صابری,,,پزشکی‌ بجنورد,,51994,973,
محمد نوروزی,منطقه 2,760,دندانپزشکی بجنورد,47265,51995,974,1
زهرا حقانی دشتی,,,پزشکی بجنورد,,52000,975,
مطهره علی پورنیاول,,,داروسازی تهران,,52030,976,
محمدرسول صبوری,,,دندانپزشکی تهران,,52038,977,
نیکی پورجعفری,منطقه 2,1892,دندانپزشکی‌ آزاد تهران,47703,52039,978,1
آرش ایمانی هرسینی,,,داروسازی آزاد تهران,,52043,979,
کیان زاهدی راد,,,پزشکی آزاد تهران,,52048,980,
امیرعلی جعفری,,,پزشکی ایران,,52051,981,
پرنیان کیاحیرتی,,,فیزیوتراپی ایران,,52055,982,
بهار فلاح میارکلائی,,,پزشکی ایران,,52059,983,
هلیا جوادی,,,فیزیوتراپی ایران,,52063,984,
محمد امین بیرانوند,,,پزشکی ایران,,52066,985,
ملینا هاشم زاده کوتنائی,,,پزشکی شهیدبهشتی,,52067,986,
ایسان شفیع,,,پزشکی شهیدبهشتی,,52075,987,
محمدرضا موسوی,منطقه 2,1750,دندانپزشکی شهیدبهشتی,47171,52076,988,1
ایلیا پاینده پور,,,پزشکی شهیدبهشتی,,52080,989,
رعنا سیاه تیری,,,پزشکی شهیدبهشتی,,52084,990,
سارا جهانگیرپور,,,پزشکی ایران,,52088,991,
طاهره تراب عراق,,,پزشکی ایران,,52090,993,
علیرضا پورجعفر,,,پزشکی ایران,,52099,994,
یگانه کرابی,,,پزشکی گناباد,,52100,995,
مبین کریمی,,,پزشکی تهران,,52105,996,
فاطمه مهاجر,,,پزشکی تهران,,52107,997,
رامیلا حاتمی,منطقه 2,2001,پزشکی آزاد تهران,47151,52111,999,1
مهدی کریمی قصابه,,,پزشکی تهران,,52114,1000,
نرجس روحانی,,,پرستاری تهران,,52148,,
اشکان عزیزی,,,پرستاری شهید بهشتی,,52149,,
آتنا حیدری,,,پرستاری شیراز,,52150,,
آیناز سادات رباطجزی,,,پرستاری سبزوار,,52151,,
هستی ویس کرمی,,,پرستاری اراک,,52152,,
محمد حسن نژاد,,,پرستاری همدان,,52153,,
محمدرضا جلیلی پیران,,,پرستاری شهرکرد,,52154,,
امیرمهدی آقاپور,,,پرستاری ایران,,52155,,
فاطمه حسینی,,,پرستاری ایران,,52156,,
امیرمهدی سعداله,,,پرستاری ایران,,52160,,
کیمیا جواهری نیا,,,شنوایی شناسی شهیدبهشتی,,52189,,
مهشید راشدفرد,,,شنوایی شناسی تهران,,52190,,
یکتا جمشیدی,,,شنوایی شناسی همدان,,52191,,
بهرام رشیدی,,,شنوایی شناسی تهران,,52192,,
هانی طالبی علی,,,بینایی سنجی شهید بهشتی,,52193,,
نگار حسن وند,,,بینایی سنجی ایران,,52195,,
زینب نوفلاح,,,بینایی سنجی شهیدبهشتی,,52196,,
ابوالفضل فرامرزی,,,بینایی سنجی ایران,,52197,,
نگار موسوی علی آبادی,,,بینایی سنجی شهیدبهشتی,,52198,,
رضا حاصلی,,,دامپزشکی آزاد تهران,,52279,,
بیتا باغبانیان,,,دامپزشکی کرمان,,52280,,
محمداحسان بهرامی,,,دامپزشکی کرمانشاه,,52281,,
طاها چرتاب قدیمی,,,دامپزشکی ارومیه,,52282,,
زهرا مومنی صفری,,,دامپزشکی شیراز,,52283,,
محدثه ندیمی,,,پرستاری شهیدبهشتی,,52284,,
مانی امینی,,,دامپزشکی کرمان,,52285,,
محمد شاهی,,,دامپزشکی تبریز,,52286,,
دانیال زحمت کشان,,,دامپزشکی شیراز,,52287,,
باران بختم,,,دامپزشکی تهران,,52288,,
هستی جعفریاری,,,روانشناسی علامه طباطبایی تهران,,52340,,
فاطمه صالحی,,,روانشناسی همدان,,52341,,
مهوش قرقانی,,,روانشناسی آزاد تهران,,52342,,
سیده کیمیا حسینی,,,روانشناسی کرمانشاه,,52343,,
زهرا کامرانی,,,روانشناسی کازرون,,52344,,
لعیا صداقت,,,روانشناسی علوم و تحقیقات تهران,,52345,,
سیده بهار رضوی,,,روانشناسی آزاد تهران,,52346,,
زهرا قنبری,,,روانشناسی الزهرا تهران,,52347,,
سحر ابراهیم زاده مکی,,,روانشناسی مشهد,,52348,,
علی رضوانی کاشانی,,,روانشناسی تهران,,52349,,
