nasa	national	known=-	fas/p7:	fas/p8:	fas/p13:	fas+eng/p7:	fas+eng/p8:	fas+eng/p13:
nasa	quota	known=1294	fas/p7:	fas/p8:	fas/p13:	fas+eng/p7:	fas+eng/p8:	fas+eng/p13:
ramila	national	known=-	fas/p7:۳۳	fas/p8:۲	fas/p13:۲	fas+eng/p7:	fas+eng/p8:	fas+eng/p13:
ramila	quota	known=2001	fas/p7:۳	fas/p8:	fas/p13:	fas+eng/p7:۳	fas+eng/p8:	fas+eng/p13:
elina	national	known=-	fas/p7:	fas/p8:	fas/p13:	fas+eng/p7:	fas+eng/p8:	fas+eng/p13:
elina	quota	known=1058	fas/p7:	fas/p8:۳	fas/p13:۳	fas+eng/p7:	fas+eng/p8:	fas+eng/p13:
bardia	national	known=-	fas/p7:۳	fas/p8:۳۹4	fas/p13:۳۹4	fas+eng/p7:۳	fas+eng/p8:۳۹4	fas+eng/p13:۳۹4
bardia	quota	known=1004	fas/p7:	fas/p8:۳۹	fas/p13:۳۹	fas+eng/p7:	fas+eng/p8:۳۹	fas+eng/p13:۳۹
mohammadreza	national	known=-	fas/p7:۱	fas/p8:۳	fas/p13:۳	fas+eng/p7:	fas+eng/p8:۳	fas+eng/p13:۳
mohammadreza	quota	known=1750	fas/p7:	fas/p8:	fas/p13:	fas+eng/p7:	fas+eng/p8:	fas+eng/p13:
