name,quota,quota_rank,admission_raw,rank_msg,rank_link,admission_msg,sequence,match_score,visual_row,explicit_type,image_status
محمدیاسین زایر,منطقه 3,65,پزشکی شهیدبهشتی,44588,44585,48055,2,1.0,1,,ok
فاطمه عبدالملکی,منطقه 2,436,پزشکی ایران,44662,44659,48062,9,1.0,2,,ok
محمدامین موسوی,منطقه 2,617,دندانپزشکی‌ زنجان,45093,45092,48074,15,1.0,3,,ok
امیرمهدی آذری,منطقه 2,448,دندانپزشکی‌ شاهد تهران,46117,46114,48076,17,1.0,4,,ok
سارا جعفری پور,منطقه 3,720,پزشکی‌ همدان,44644,44641,48079,19,1.0,5,,ok
مهدیس هاشمی,منطقه 3,724,دندانپزشکی‌ تبریز,45162,45159,48080,20,1.0,6,,ok
فاطمه مولوی,منطقه 2,848,پزشکی‌ همدان,44419,44417,48081,21,1.0,7,,ok
علی میرزائی,منطقه 2,294,دندانپزشکی‌ تبریز,45118,45115,48082,22,1.0,8,,ok
مانی مهدوی بادمحمود,منطقه 3,367,پزشکی‌ تبریز,44485,44417,48083,23,1.0,9,,ok
محمدحسن هدایتی,منطقه 3,2819,فیزیوتراپی کرمان,47415,47412,48084,24,1.0,10,,ok
هادی امیرزاده,منطقه 3,118,دندانپزشکی‌ تبریز,44870,44867,48090,28,1.0,11,,ok
ابوالفضل یوسفی مقدم,منطقه 3,759,پزشکی‌ ایران,45174,45174,48093,31,1.0,12,,ok
کیان تحویلداری,منطقه 2,805,پزشکی‌ شیراز,45150,45149,48097,34,1.0,13,,ok
آروین پیشوائی,منطقه 1,508,پزشکی‌ مشهد,46073,46072,48104,41,1.0,14,,ok
مهدی قنبری,منطقه 2,1497,دندانپزشکی‌ سمنان,46227,46227,48108,45,1.0,15,,ok
غزل شهریاری,منطقه 3,1086,داروسازی تهران,46211,46211,48141,56,1.0,16,,ok
مطهره علیپورنیاول,منطقه 2,625,داروسازی تهران,45101,45101,48150,65,1.0,17,,ok
محمدمهدی بیلندی,منطقه 2,1576,پزشکی مشهد,47338,,48157,69,0.857,18,,ok
فاطمه فرجی عرقطو,منطقه 3,2452,داروسازی شهیدبهشتی,46698,46698,48159,70,1.0,19,,ok
بنیامین صالحی,منطقه 2,1831,پزشکی زنجان,45947,45947,48186,79,1.0,20,,ok
زهرا خسروی,منطقه 1,2625,پزشکی مشهد,46752,46751,48187,80,1.0,21,,ok
مبین شعبانی,منطقه 2,1558,پزشکی قم,45024,45024,48190,83,1.0,22,,ok
مبینا بهرامی,منطقه 2,2594,دندانپزشکی سمنان,47605,47605,48197,89,1.0,23,,ok
علیرضا عابد,منطقه 2,972,دندانپزشکی رفسنجان,46142,46142,48200,92,1.0,24,,ok
زهرا بکشلو,منطقه 3,2735,پزشکی زنجان,47419,47416,48204,96,1.0,25,,ok
طاهره مهرپویا,منطقه 2,2699,پزشکی اراک,47357,47357,48205,97,1.0,26,,ok
فاطمه زهرا سیمرغ,منطقه 2,1118,پزشکی‌ شهیدبهشتی,46349,46349,48262,110,1.0,27,,ok
فاطمه امیری,منطقه 3,1378,دندانپزشکی آزاد تهران,46816,,48278,115,0.94,28,آزاد,ok
عرفان کرمعلی,منطقه 1,552,پزشکی شهیدبهشتی,45226,45225,48280,117,1.0,29,,ok
مرتضی مسعودی,منطقه 3,260,پزشکی ایران,45452,45452,48283,120,1.0,30,,ok
امیررضا جدی حسینی,منطقه 3,2768,پزشکی,46832,46832,48285,122,1.0,31,,ok
علی علی مددی صومعه ای,منطقه 2,370,پزشکی‌ شهیدبهشتی,45718,45718,48292,125,1.0,32,,ok
رومینا موحدی نیا,منطقه 2,996,پزشکی‌,45122,45121,48350,130,1.0,33,,ok
مریم لعل دولت آبادی,منطقه 3,616,پزشکی مشهد,48013,48012,48364,134,0.94,34,,ok
فاطمه امیریان,منطقه 3,1378,داروسازی,46816,46815,48390,145,1.0,35,,ok
میکائیل اله بخش,منطقه 2,1848,دندانپزشکی‌ مشهد,46219,46219,48394,149,1.0,36,,ok
پریسا وکیلی سعیدابادی,منطقه 1,917,دندانپزشکی‌ آزاد تبریز,45114,45114,48436,157,1.0,37,آزاد,ok
عباس ابراهیمی,منطقه 1,2152,فیزیوتراپی تبریز,47212,,48437,158,1.0,38,,ok
امیررضا خسروزاده,منطقه 2,1146,پزشکی,46284,46284,48440,161,1.0,39,,ok
کوثر سلمان زاده,منطقه 3,1428,پزشکی تبریز,46709,46708,48444,165,1.0,40,,ok
یسنا کفیلی گرگری,منطقه 3,523,پزشکی تبریز,46037,46037,48449,170,1.0,41,,ok
شکیبا عبدی,منطقه 3,1506,دندانپزشکی آزاد اصفهان,46128,46128,48510,197,1.0,42,آزاد,ok
الناز افشاریان,منطقه 2,939,پزشکی‌ اصفهان,47534,47533,48511,198,1.0,43,,ok
اردشیر ابوالصدق,منطقه 1,931,پزشکی آزاد تهران,47636,47636,48541,206,1.0,44,آزاد,ok
سما بیگی,منطقه 2,609,پزشکی کرمانشاه,45146,45146,48647,227,1.0,45,,ok
سارینا علیزاده,منطقه 3,2368,پزشکی کرمانشاه,47163,47160,48657,230,1.0,46,,ok
یاسمین رحیمی,منطقه 2,1618,پزشکی کرمانشاه,46394,46394,48678,239,1.0,47,,ok
سروش احمدی,منطقه 2,2582,پزشکی کرمانشاه,47548,47548,48679,240,1.0,48,,ok
هستی همتیان,منطقه 2,1276,پزشکی کرمانشاه,46378,46378,48682,243,1.0,49,,ok
الناز جهانگیر برشنه,منطقه 1,3427,پزشکی شیراز,47759,47756,48743,251,1.0,50,,ok
مهرناز حسینی,منطقه 3,1514,پزشکی‌ شیراز,46760,46760,48759,260,1.0,51,,ok
مینا کاظمی,منطقه 1,809,دندانپزشکی شیراز,45690,45690,48785,271,1.0,52,,ok
صبا ابراهیمی,منطقه 1,2152,پزشکی ساری,47212,,48843,277,0.87,53,,ok
الهام ال محمد,منطقه 2,1455,پزشکی ساری,46345,46342,48892,292,1.0,54,,ok
محمد فرستاده,منطقه 2,1493,پزشکی‌ ساری,46778,46777,48897,294,1.0,55,,ok
عمادالدین ارازپور,منطقه 3,1040,پزشکی,45951,45951,48908,297,1.0,56,,ok
راحیل بهفروز,منطقه 2,319,دندانپزشکی,47835,47834,48909,298,0.952,57,,ok
زهرا مومنی,منطقه 3,2672,پزشکی کرمان,48010,,48954,302,0.94,58,,ok
ارشیا افضلی ساردو,منطقه 3,1026,پزشکی کرمان,47622,47620,48961,305,1.0,59,,ok
زهرا سرمست,منطقه 2,2018,پزشکی کرمان,47553,47553,48972,309,1.0,60,,ok
کیمیا نقیبیان,منطقه 1,656,دندانپزشکی کرمان,46029,46029,48999,317,1.0,61,,ok
لیدا بصیریان,منطقه 2,1458,پزشکی کرمان,45814,45813,49023,323,1.0,62,,image-not-found
مبینا امینی رارانی,منطقه 1,2663,فیزیوتراپی یزد,47221,47218,49081,337,0.938,63,,ok
مبینا امیری رارانی,منطقه 1,2663,فیزیوتراپی,47221,47221,49124,349,1.0,64,,ok
ماهان شب گرد فریمانی,منطقه 3,1139,پزشکی,47484,47484,49125,350,1.0,65,,ok
فرزانه شاهمرادی,منطقه 3,2053,پزشکی‌ شهیدبهشتی,48029,48029,49242,374,1.0,66,,ok
نگار حبیب زاده,منطقه 2,2761,داروسازی همدان,46918,46918,49305,387,1.0,67,,ok
زینب موسیوند دارانی,منطقه 2,2214,پزشکی همدان,47823,47822,49306,388,1.0,68,,ok
تینا علی محمدی,منطقه 2,654,دندانپزشکی همدان,45097,45096,49320,393,1.0,69,,ok
علی بهرامی,منطقه 2,1146,پزشکی همدان,46468,46468,49328,398,1.0,70,,ok
اسرا کارگر,منطقه 1,2257,پزشکی بیرجند,46764,46763,49455,410,1.0,71,,ok
احسان برزی,منطقه 3,924,پزشکی ارومیه,45722,45721,49550,438,1.0,72,,ok
یاسمن دولت آبادی مقدم,منطقه 2,1853,پزشکی رشت,46301,46301,49614,452,1.0,73,,ok
امیرحسین فسونی,منطقه 1,273,پزشکی رشت,45798,,49664,468,0.846,74,,ok
احمد دغاغله,منطقه 2,2552,پزشکی اهواز,46824,46823,49713,483,1.0,75,,ok
مهران علی نژاد آذر,منطقه 2,1076,دندانپزشکی,45926,45926,49815,504,1.0,76,,ok
آریوبرزن فیضی,منطقه 3,2378,پزشکی بابل,47696,47694,49820,506,1.0,77,,image-not-found
طه باقرنژاد,منطقه 2,302,پزشکی بابل,45381,,49841,512,1.0,78,,ok
علی اصغر ابراهیمی,منطقه 2,691,پزشکی بابل,47201,47200,49842,513,1.0,79,,ok
سعیده ترابی سوار,منطقه 3,1040,پزشکی خرم آباد,45635,45634,49931,529,1.0,80,,ok
فاطمه نیک نام موسی اباد,منطقه 1,2625,فیزیوتراپی سمنان,47902,47902,50039,554,1.0,81,,ok
فاطمه خاوری,منطقه 3,2089,پزشکی سمنان,47155,47152,50078,564,1.0,82,,image-not-found
فاطمه متین,منطقه 3,1501,پزشکی آزاد شاهرود,49472,,50085,565,0.842,83,آزاد,ok
امیرعباس ابراهیمی,منطقه 1,2152,پزشکی سمنان,47212,,50089,566,0.857,84,,ok
شکیبا افشارزاده,منطقه 1,1867,داروسازی سمنان,47147,47147,50090,567,1.0,85,,ok
علی سعیدی,منطقه 2,2594,پزشکی‌ زنجان,46840,46839,50156,577,1.0,86,,ok
ادیب امیدیان,منطقه 3,2015,دندانپزشکی زنجان,46902,46902,50235,599,1.0,87,,ok
امیرمحمد پیروزه,منطقه 3,1959,پزشکی بندرعباس,46333,46333,50286,601,1.0,88,,image-not-found
نگار حسینی پور,منطقه 3,1620,پزشکی بندرعباس,47740,47740,50287,602,1.0,89,,ok
احسان مدبری,منطقه 3,2167,پزشکی اهواز,47541,47539,50355,621,1.0,90,,ok
علی غفاری,منطقه 3,1216,پزشکی بندرعباس,48764,,50371,625,0.94,91,,ok
سیده میترا میرجلیلی,منطقه 1,2477,پزشکی تربت حیدریه,47619,47619,50422,632,1.0,92,,ok
مهدیه رازی,منطقه 2,1997,پزشکی گناباد,49326,,50490,650,0.842,93,,image-not-found
محمد رهنما,منطقه 3,587,پزشکی تبریز,46675,46674,50544,659,1.0,94,,ok
ابوالفضل حیدری,منطقه 2,780,پزشکی بیرجند,51076,,50602,674,0.846,95,,ok
محمدامین رعیتی,منطقه 1,1104,پزشکی جهرم,48143,,50701,689,0.846,96,,image-not-found
علی قادری,منطقه 3,534,پزشکی شیراز,48369,,50728,696,0.842,97,,ok
امیرعلی شاکری,منطقه 2,1755,پزشکی زاهدان,49809,,50802,708,0.917,98,,ok
ایلیا جعفری,منطقه 2,1394,دندانپزشکی زاهدان,48263,,50845,718,0.842,99,,ok
یسنا ایمانی,منطقه 3,2826,پزشکی زاهدان,48027,48026,50861,723,0.94,100,,ok
الناز لنگری پور,منطقه 3,2982,پزشکی زاهدان,48033,48033,50862,724,1.0,101,,ok
سوگند سلیمی فرد,منطقه 3,1404,پزشکی‌ کرمانشاه,48087,46285,50938,726,1.0,102,,ok
امیرمحمد سعیدی,منطقه 1,607,پزشکی کرمانشاه,48102,,50981,739,0.846,103,,ok
سارینا علیزاده,منطقه 3,2368,پزشکی کرمانشاه,47163,48656,51001,744,1.0,104,,ok
نیما نیکو,منطقه 3,1067,پزشکی گرگان,46277,46277,51107,771,1.0,105,,ok
هدیه رحیمی,منطقه 2,2810,دندانپزشکی کرج,47815,47815,51143,776,1.0,106,,ok
محمد وندالوند,منطقه 2,1418,پزشکی کرج,47905,47904,51146,779,1.0,107,,ok
حنانه قدیمی,منطقه 2,1926,داروسازی کرج,46164,46164,51147,780,1.0,108,,ok
سام بیداری,منطقه 1,851,پزشکی کرج,45154,45153,51159,784,1.0,109,,ok
دانیال نصیری,منطقه 1,902,پزشکی‌ کرج,47399,47399,51167,788,1.0,110,,ok
محمدرضا اسدی,منطقه 2,2277,دندانپزشکی کرج,46962,46959,51195,794,1.0,111,,ok
فاطمه سلمانی,منطقه 3,1375,پزشکی اراک,49066,,51246,804,0.94,112,,ok
محمدمهدی صادقی,منطقه 2,724,دندانپزشکی یاسوج,47428,47428,51371,832,1.0,113,,ok
فاطمه احمدی,منطقه 3,106,پزشکی شهرکرد,48060,,51417,846,0.857,114,,ok
مهسا جلالی,منطقه 2,613,دندانپزشکی شهرکرد,46146,46145,51422,848,1.0,115,,ok
روژان رستمی,منطقه 3,1157,پزشکی سنندج,45514,45513,51448,851,1.0,116,,ok
کیانا صفائی,منطقه 3,2433,پزشکی,48020,48020,51450,853,1.0,117,,ok
ژینو بهمنی,منطقه 2,2018,پزشکی سنندج,46608,46605,51489,865,1.0,118,,ok
حنانه شاه محمدی,منطقه 2,2101,پزشکی قم,46966,46966,51549,876,1.0,119,,ok
سهراب رحمانی,منطقه 3,1990,پزشکی قزوین,46382,46382,51609,893,1.0,120,,ok
مهسا مقدمی,منطقه 2,1065,دندانپزشکی قزوین,46951,46950,51633,900,1.0,121,,ok
کیمیا جوبانو,منطقه 3,1506,دندانپزشکی ایلام,46172,46172,51664,901,1.0,122,,ok
رضا غیب اله زاده,منطقه 3,694,پزشکی ارومیه,45166,,51693,911,0.857,123,,ok
محمدامین شیری,منطقه 1,1104,پزشکی ایلام,48143,,51705,915,0.88,124,,image-not-found
امیرحسین احمدی,منطقه 2,1822,پزشکی ارومیه,49460,,51735,921,0.846,125,,ok
غزال صادقی,منطقه 3,2002,پزشکی ایلام,46584,46581,51740,923,1.0,126,,ok
محمدحسین نجف زاده,منطقه 1,1745,پزشکی اردبیل,45578,45578,51804,930,1.0,127,,ok
بنیامین کرمی,منطقه 1,914,پزشکی‌ تبریز,48103,45743,51822,935,1.0,128,,image-not-found
محمدصالح صابری مقدم,منطقه 2,2415,پزشکی بجنورد,47744,47741,51949,959,1.0,129,,ok
ابوالفضل ناصری,منطقه 2,780,پزشکی بجنورد,51076,,51969,965,0.846,130,,ok
فاطمه اسکندری قاچکانلو,منطقه 2,1939,پزشکی بجنورد,45919,45919,51988,971,1.0,131,,ok
محمدصالح صابری,منطقه 2,2415,پزشکی‌ بجنورد,47744,47743,51994,973,0.94,132,,ok
محمد نوروزی,منطقه 2,760,دندانپزشکی بجنورد,47265,47265,51995,974,1.0,133,,ok
مطهره علی پورنیاول,منطقه 2,625,داروسازی تهران,45101,45098,52030,976,0.94,134,,ok
نیکی پورجعفری,منطقه 2,1892,دندانپزشکی‌ آزاد تهران,47703,47702,52039,978,1.0,135,آزاد,ok
محمدرضا موسوی,منطقه 2,1750,دندانپزشکی شهیدبهشتی,47171,47169,52076,988,1.0,136,,ok
رامیلا حاتمی,منطقه 2,2001,پزشکی آزاد تهران,47151,47148,52111,999,1.0,137,آزاد,ok
زهرا مومنی صفری,منطقه 3,2672,دامپزشکی شیراز,48010,4728,52283,,0.94,138,,ok
