46452	BLOCK_NOT_FOUND
48675	NO_PHOTOS
47151	BLOCK_NOT_FOUND
52111	NO_PHOTOS
46180	BLOCK_NOT_FOUND
52110	NO_PHOTOS
46383	46383	52944	https://cdn4.telesco.pe/file/EQY3QHywvdTqCZgigb2d8za9RjCB38HVESN7t0Q8EfFWrhEyS9T5pweyek6_pZg2M1PI0FSNFelsqvz1TzUQ6YCRJ0ATXhqBoGZPBONSuU1_5p5A4b24J50VbR6P6W3O6ZGvkbXcFuz7mB9KWMoqwKdGhA9NDDjdUKxuTth84WmtBgEC_pyEoPY5zFQsLMt583QBZRgGh6c9f0wj619TXYjfMqtehe0OCiqbMEIuuKNLdZ6O-Ix4lfqqkcyVl0tmDq0uhnZgFGdLmr1oasHbVvr3ngHJvaqmzTWKlau6DdrkORIYoV--r60Vu_avcT-HSHLIAaPaqz3C6401aKubzw.jpg
46383	46384	61818	https://cdn4.telesco.pe/file/X4vVw6J04usGfa97DaQ76Nn8sF-HLxmAXGTSWaOVQgsjQBeDsp1SXIlQKfOi3DmaPpYV-zHgNzLeSooib7zljGfPThJNqaJA2ybNCXBxfxV960pJ7UtJPgL1Iln8TG--9f6zteALAJbzRevI3dDrJ7H2jA5jkcOhPBHHV6DaqwC3X1FwCzM1n3KJ7iMDdsNVlZQz6wwEWRs2R-k0crd5tFcPZwJ5zWsd8bcuN93K4hYjqzzTkjCyWp7Sd06vtU_xSuBqGwmqgQeqTuege3eqzyeFfxX3ELo_hoeajxPMD50ezQvTVLsJh5wEytFRlcBy9K4fyLrwECG6NeWkP05zOw.jpg
46383	46385	66642	https://cdn4.telesco.pe/file/atPCrNhcZBarQtIk-qwrRxtqro_Qj6a0vHk859VHOffgJgIzovfRXCgFdozMuYkG-PrxU9FRaQqsbeBAh4_GlgrjpiJ5VPl0bMRPVALuIPIeg-Zeun2sF-PePfJFL_t5SDzLejKOjlUoMl83i76fGDy1iwY3JcPO8xkYWhcqmWc0jIrxPxgk5JAZECeqLvGaGhjAtNag_bDf7IJ9jb8TPR1NUWYKcwuEW3B6r-GjgSITZp0SsiM3OKLQMrO2s80ZsbMNyNFnQrqFTb2ZCqal9jYnOTPM3QsIVtzDmsKZ4Ldlfa_3R1xwjZiThoqSBN9yLTma7PeNW-AcAcP4-pou3w.jpg
46383	46386	61662	https://cdn4.telesco.pe/file/kpL_IvqfPctKndQ22uHHAc1lOb-kC28jl6lXQlisf-9EqIRc5tsDmKznS2NHNhg8fD1Ug2BV_NhyhT7KDg82VIFSewyO7ZmuiLyIR7V_zcaKQRrFVPHObs4gSsL_wirx0d8A54XfGDP5GDe_oYJ3rytbO8HZif-QtZ41jdjpQLRvTHGy5DIIH58VGYHK0xCAr8cDyUp6lF0JVkzPyAYhe0oLHNWUP4wJlgivs_4g8EWj6jsTILoOonSTxvuL5ElUAhaxHtmYDE9VcrJdlgUQ89AZtUnZZr04TNlQYHs-OGyRRq9GjmQ-FbDuvBOOR3Tb1iX45pn_3cdn_fEL3CpcgQ.jpg
52089	NO_PHOTOS
47170	BLOCK_NOT_FOUND
52076	NO_PHOTOS
