review_id,course_type,semester,review_status,note
1,روزانه,نیمسال اول,verified_visual,
2,روزانه,نیمسال اول,verified_visual,
3,روزانه,نیمسال اول,verified_visual,
4,روزانه,نیمسال اول,verified_visual,
5,روزانه,نیمسال اول,verified_visual,
6,روزانه,نیمسال اول,verified_visual,
7,روزانه,نیمسال اول,verified_visual,
8,روزانه,نیمسال اول,verified_visual,
9,روزانه,نیمسال اول,verified_visual,
10,روزانه,نیمسال دوم,verified_visual,
11,روزانه,نیمسال اول,verified_visual,
12,روزانه,نیمسال اول,verified_visual,
13,روزانه,نیمسال دوم,verified_visual,
14,روزانه,نیمسال اول,verified_visual,
15,روزانه,نیمسال دوم,verified_visual,
16,روزانه,نیمسال دوم,verified_visual,
17,محروم,نیمسال اول,verified_visual,
18,روزانه,نیمسال اول,verified_visual,
19,روزانه,نیمسال اول,verified_visual,
20,,,needs_image_recovery,تصویر موجود QR/جدول/بخش نامناسب آلبوم بود؛ حدس زده نشد
21,شهریه‌پرداز,نیمسال اول,verified_visual,
22,روزانه,نیمسال اول,verified_visual,
23,روزانه,نیمسال اول,verified_visual,
24,روزانه,نیمسال اول,verified_visual,
25,محروم,نیمسال اول,verified_visual,
26,روزانه,نیمسال اول,verified_visual,
27,محروم,نیمسال اول,verified_visual,
28,روزانه,نیمسال دوم,verified_visual,
29,روزانه,نیمسال اول,verified_visual,
30,,,needs_image_recovery,تصویر موجود QR/جدول/بخش نامناسب آلبوم بود؛ حدس زده نشد
31,,,needs_image_recovery,تصویر موجود QR/جدول/بخش نامناسب آلبوم بود؛ حدس زده نشد
32,,,needs_image_recovery,تصویر موجود QR/جدول/بخش نامناسب آلبوم بود؛ حدس زده نشد
33,روزانه,نیمسال اول,verified_visual,
34,روزانه,نیمسال دوم,verified_visual,
35,محروم,نیمسال دوم,verified_visual,
36,روزانه,نیمسال اول,verified_visual,
37,روزانه,نیمسال دوم,verified_visual,
38,روزانه,نیمسال اول,verified_visual,
39,,,needs_image_recovery,تصویر موجود QR/جدول/بخش نامناسب آلبوم بود؛ حدس زده نشد
40,شهریه‌پرداز,نیمسال اول,verified_visual,
41,محروم,نیمسال دوم,verified_visual,
42,آزاد,نیمسال اول,verified_visual,
43,روزانه,نیمسال اول,verified_visual,
44,روزانه,نیمسال دوم,verified_visual,
45,شهریه‌پرداز,نیمسال دوم,verified_visual,
46,روزانه,نیمسال دوم,verified_visual,
47,آزاد,نیمسال اول,verified_visual,
48,روزانه,نیمسال اول,verified_visual,
49,آزاد,نیمسال اول,verified_visual,
50,,,needs_image_recovery,تصویر موجود QR/جدول/بخش نامناسب آلبوم بود؛ حدس زده نشد
51,روزانه,نیمسال اول,verified_visual,
52,,,needs_image_recovery,تصویر موجود QR/جدول/بخش نامناسب آلبوم بود؛ حدس زده نشد
53,روزانه,نیمسال اول,verified_visual,
54,,,image_fetch_failed,تصویر نهایی از وب تلگرام بازیابی نشد
55,روزانه,نیمسال دوم,verified_visual,
56,,,needs_image_recovery,تصویر موجود QR/جدول/بخش نامناسب آلبوم بود؛ حدس زده نشد
57,محروم,نیمسال اول,verified_visual,
58,روزانه,نیمسال دوم,verified_visual,
59,,,needs_image_recovery,تصویر موجود QR/جدول/بخش نامناسب آلبوم بود؛ حدس زده نشد
60,محروم,نیمسال اول,verified_visual,
61,,,needs_image_recovery,تصویر موجود QR/جدول/بخش نامناسب آلبوم بود؛ حدس زده نشد
62,,,needs_image_recovery,تصویر موجود QR/جدول/بخش نامناسب آلبوم بود؛ حدس زده نشد
63,روزانه,نیمسال دوم,verified_visual,
64,روزانه,نیمسال دوم,verified_visual,
65,روزانه,نیمسال اول,verified_visual,
66,روزانه,نیمسال اول,verified_visual,
67,,,needs_image_recovery,تصویر موجود QR/جدول/بخش نامناسب آلبوم بود؛ حدس زده نشد
68,روزانه,نیمسال اول,verified_visual,
69,روزانه,نیمسال اول,verified_visual,
70,,,needs_image_recovery,تصویر موجود QR/جدول/بخش نامناسب آلبوم بود؛ حدس زده نشد
71,روزانه,نیمسال اول,verified_visual,
72,,,image_fetch_failed,تصویر نهایی از وب تلگرام بازیابی نشد
73,روزانه,نیمسال دوم,verified_visual,
74,روزانه,نیمسال اول,verified_visual,
75,روزانه,نیمسال دوم,verified_visual,
76,,,needs_image_recovery,تصویر موجود QR/جدول/بخش نامناسب آلبوم بود؛ حدس زده نشد
77,روزانه,نیمسال اول,verified_visual,
78,,,needs_image_recovery,تصویر موجود QR/جدول/بخش نامناسب آلبوم بود؛ حدس زده نشد
79,روزانه,نیمسال اول,verified_visual,
80,روزانه,نیمسال دوم,verified_visual,
81,,,needs_image_recovery,تصویر موجود QR/جدول/بخش نامناسب آلبوم بود؛ حدس زده نشد
82,روزانه,نیمسال اول,verified_visual,
83,روزانه,نیمسال اول,verified_visual,
84,روزانه,نیمسال دوم,verified_visual,
85,,,needs_image_recovery,تصویر موجود QR/جدول/بخش نامناسب آلبوم بود؛ حدس زده نشد
86,روزانه,نیمسال دوم,verified_visual,
87,,,needs_image_recovery,تصویر موجود QR/جدول/بخش نامناسب آلبوم بود؛ حدس زده نشد
88,روزانه,نیمسال دوم,verified_visual,
89,روزانه,نیمسال دوم,verified_visual,
90,,,needs_image_recovery,تصویر موجود QR/جدول/بخش نامناسب آلبوم بود؛ حدس زده نشد
91,محروم,نیمسال اول,verified_visual,
92,,,image_fetch_failed,تصویر نهایی از وب تلگرام بازیابی نشد
93,,,needs_image_recovery,تصویر موجود QR/جدول/بخش نامناسب آلبوم بود؛ حدس زده نشد
94,روزانه,نیمسال اول,verified_visual,
95,روزانه,نیمسال اول,verified_visual,
96,روزانه,نیمسال اول,verified_visual,
97,,,image_fetch_failed,تصویر نهایی از وب تلگرام بازیابی نشد
98,روزانه,نیمسال اول,verified_visual,
99,روزانه,نیمسال اول,verified_visual,
100,محروم,نیمسال اول,verified_visual,
101,,,needs_image_recovery,تصویر موجود QR/جدول/بخش نامناسب آلبوم بود؛ حدس زده نشد
102,روزانه,نیمسال دوم,verified_visual,
103,روزانه,نیمسال اول,verified_visual,
104,روزانه,نیمسال اول,verified_visual,
105,روزانه,نیمسال دوم,verified_visual,
106,روزانه,نیمسال دوم,verified_visual,
107,,,needs_image_recovery,تصویر موجود QR/جدول/بخش نامناسب آلبوم بود؛ حدس زده نشد
108,روزانه,نیمسال دوم,verified_visual,
109,,,needs_image_recovery,تصویر موجود QR/جدول/بخش نامناسب آلبوم بود؛ حدس زده نشد
110,,,needs_image_recovery,تصویر موجود QR/جدول/بخش نامناسب آلبوم بود؛ حدس زده نشد
111,روزانه,نیمسال اول,verified_visual,
112,روزانه,نیمسال اول,verified_visual,
113,روزانه,نیمسال دوم,verified_visual,
114,,,image_fetch_failed,تصویر نهایی از وب تلگرام بازیابی نشد
115,,,needs_image_recovery,تصویر موجود QR/جدول/بخش نامناسب آلبوم بود؛ حدس زده نشد
116,شهریه‌پرداز,نیمسال دوم,verified_visual,
117,روزانه,نیمسال اول,verified_visual,
118,محروم,نیمسال اول,verified_visual,
119,روزانه,نیمسال دوم,verified_visual,
120,روزانه,,verified_visual,نوع دوره خواناست؛ نیمسال در تصویر مشخص نیست
121,روزانه,نیمسال اول,verified_visual,
122,روزانه,نیمسال دوم,verified_visual,
123,روزانه,نیمسال دوم,verified_visual,
124,محروم,نیمسال اول,verified_visual,
125,,,needs_image_recovery,تصویر موجود QR/جدول/بخش نامناسب آلبوم بود؛ حدس زده نشد
126,,,needs_image_recovery,تصویر موجود QR/جدول/بخش نامناسب آلبوم بود؛ حدس زده نشد
127,روزانه,نیمسال اول,verified_visual,
128,روزانه,نیمسال اول,verified_visual,
129,,,needs_image_recovery,تصویر موجود QR/جدول/بخش نامناسب آلبوم بود؛ حدس زده نشد
130,روزانه,نیمسال اول,verified_visual,
131,شهریه‌پرداز,نیمسال اول,verified_visual,
132,روزانه,نیمسال اول,verified_visual,
133,,,needs_image_recovery,تصویر موجود QR/جدول/بخش نامناسب آلبوم بود؛ حدس زده نشد
134,روزانه,نیمسال اول,verified_visual,
135,,,needs_image_recovery,تصویر موجود QR/جدول/بخش نامناسب آلبوم بود؛ حدس زده نشد
136,روزانه,نیمسال اول,verified_visual,
137,شهریه‌پرداز,نیمسال دوم,verified_visual,
138,,,needs_image_recovery,تصویر موجود QR/جدول/بخش نامناسب آلبوم بود؛ حدس زده نشد
139,,,needs_image_recovery,تصویر موجود QR/جدول/بخش نامناسب آلبوم بود؛ حدس زده نشد
140,محروم,نیمسال اول,verified_visual,
141,روزانه,نیمسال دوم,verified_visual,
142,روزانه,نیمسال دوم,verified_visual,
143,,,image_fetch_failed,تصویر نهایی از وب تلگرام بازیابی نشد
144,,,needs_image_recovery,تصویر موجود QR/جدول/بخش نامناسب آلبوم بود؛ حدس زده نشد
145,روزانه,نیمسال اول,verified_visual,
146,روزانه,نیمسال اول,verified_visual,
147,روزانه,نیمسال اول,verified_visual,
148,روزانه,نیمسال اول,verified_visual,
149,روزانه,نیمسال اول,verified_visual,
150,آزاد,نیمسال اول,verified_visual,
151,,,needs_image_recovery,تصویر موجود QR/جدول/بخش نامناسب آلبوم بود؛ حدس زده نشد
152,روزانه,نیمسال دوم,verified_visual,
153,محروم,نیمسال دوم,verified_visual,
154,آزاد,نیمسال اول,verified_visual,
155,روزانه,نیمسال اول,verified_visual,
