سال,گروه آزمایشی,رتبه کشوری,رتبه در سهمیه,سهمیه,رشته قبولی,دانشگاه قبولی
1388,تجربی,1,1,منطقه سه,پزشکی,دانشگاه علوم پزشکی تهران
1388,تجربی,2,1,منطقه یک,پزشکی,دانشگاه علوم پزشکی شیراز
1388,تجربی,3,2,منطقه یک,پزشکی,دانشگاه علوم پزشکی تهران
1388,تجربی,9,5,منطقه یک,دندانپزشکی,دانشگاه علوم پزشکی شیراز
1388,تجربی,10,4,منطقه دو,پزشکی,دانشگاه علوم پزشکی تهران
1388,تجربی,11,5,منطقه دو,پزشکی,دانشگاه علوم پزشکی تهران
1388,تجربی,12,6,منطقه دو,پزشکی,دانشگاه علوم پزشکی تهران
1388,تجربی,14,7,منطقه یک,پزشکی,دانشگاه علوم پزشکی تهران
1388,تجربی,19,10,منطقه یک,پزشکی,دانشگاه علوم پزشکی شیراز
1388,تجربی,25,2,منطقه سه,پزشکی,دانشگاه علوم پزشکی تهران
1388,تجربی,26,9,منطقه دو,پزشکی,دانشگاه علوم پزشکی تهران
1388,تجربی,40,3,منطقه سه,پزشکی,دانشگاه علوم پزشکی تهران
1388,تجربی,48,4,منطقه سه,پزشکی,دانشگاه علوم پزشکی شهید بهشتی - تهران
1388,تجربی,59,5,منطقه سه,پزشکی,دانشگاه علوم پزشکی تهران
1388,تجربی,80,6,منطقه سه,پزشکی,دانشگاه علوم پزشکی ایران
1388,تجربی,103,7,منطقه سه,پزشکی,دانشگاه علوم پزشکی تهران
1388,تجربی,118,8,منطقه سه,پزشکی,دانشگاه علوم پزشکی تهران
1388,تجربی,137,9,منطقه سه,پزشکی,دانشگاه علوم پزشکی مشهد
1388,تجربی,139,10,منطقه سه,پزشکی,دانشگاه علوم پزشکی ایران
1388,ریاضی,1,1,منطقه دو,مهندسی برق(الکترونیک،بیوالکتریک،قدرت،کنترل،مخابرات، دیجیتال),دانشگاه صنعتی شریف - تهران
1388,ریاضی,2,1,منطقه یک,مهندسی مکانیک,دانشگاه صنعتی شریف - تهران
1388,ریاضی,4,2,منطقه دو,مهندسی برق(الکترونیک،بیوالکتریک،قدرت،کنترل،مخابرات، دیجیتال),دانشگاه صنعتی شریف - تهران
1388,ریاضی,5,2,منطقه یک,مهندسی برق(الکترونیک،بیوالکتریک،قدرت،کنترل،مخابرات، دیجیتال),دانشگاه صنعتی شریف - تهران
1388,ریاضی,6,3,منطقه یک,مهندسی برق(الکترونیک،بیوالکتریک،قدرت،کنترل،مخابرات، دیجیتال),دانشگاه صنعتی شریف - تهران
1388,ریاضی,7,4,منطقه یک,مهندسی برق(الکترونیک،بیوالکتریک،قدرت،کنترل،مخابرات، دیجیتال),دانشگاه صنعتی شریف - تهران
1388,ریاضی,9,3,منطقه دو,مهندسی برق(الکترونیک،بیوالکتریک،قدرت،کنترل،مخابرات، دیجیتال),دانشگاه صنعتی شریف - تهران
1388,ریاضی,11,7,منطقه یک,مهندسی برق(الکترونیک،بیوالکتریک،قدرت،کنترل،مخابرات، دیجیتال),دانشگاه صنعتی شریف - تهران
1388,ریاضی,15,10,منطقه یک,مهندسی مکانیک(مکانیک در طراحی جامدات),دانشگاه شیراز
1388,ریاضی,16,5,منطقه دو,مهندسی مکانیک,دانشگاه صنعتی شریف - تهران
1388,ریاضی,17,6,منطقه دو,مهندسی کامپیوتر(نرم افزار),دانشگاه صنعتی شریف - تهران
1388,ریاضی,19,7,منطقه دو,مهندسی کامپیوتر(نرم افزار),دانشگاه صنعتی شریف - تهران
1388,ریاضی,22,9,منطقه دو,مهندسی برق(الکترونیک،بیوالکتریک،قدرت،کنترل،مخابرات، دیجیتال),دانشگاه صنعتی شریف - تهران
1388,ریاضی,24,10,منطقه دو,مهندسی مکانیک,دانشگاه صنعتی شریف - تهران
1388,ریاضی,142,3,منطقه سه,مهندسی هوا فضا,دانشگاه صنعتی شریف - تهران
1388,ریاضی,242,5,منطقه سه,مهندسی عمران,دانشگاه صنعتی شریف - تهران
1388,ریاضی,250,6,منطقه سه,مهندسی برق(الکترونیک، بیوالکتریک، قدرت، کنترل، مخابرات),دانشگاه تهران
1388,ریاضی,264,7,منطقه سه,مهندسی برق(الکترونیک، بیوالکتریک، قدرت، کنترل، مخابرات),دانشگاه تهران
1388,ریاضی,280,8,منطقه سه,مهندسی عمران,دانشگاه صنعتی شریف - تهران
1388,ریاضی,309,10,منطقه سه,مهندسی برق(الکترونیک،بیوالکتریک،قدرت،کنترل،مخابرات، دیجیتال),دانشگاه صنعتی شریف - تهران
1388,انسانی,1,1,منطقه دو,حقوق,دانشگاه تهران
1388,انسانی,2,2,منطقه دو,حقوق,دانشگاه تهران
1388,انسانی,4,2,منطقه یک,روانشناسی(بالینی),دانشگاه شیراز
1388,انسانی,6,1,منطقه سه,معارف اسلامی و حقوق,مجتمع آموزش عالی سیرجان
1388,انسانی,8,4,منطقه دو,حقوق,دانشگاه تهران
1388,انسانی,8,4,منطقه یک,حقوق,دانشگاه تهران
1388,انسانی,10,5,منطقه دو,حقوق,دانشگاه تهران
1388,انسانی,14,7,منطقه یک,حقوق,دانشگاه تهران
1388,انسانی,25,10,منطقه دو,حقوق,دانشگاه تهران
1388,انسانی,33,3,منطقه سه,حقوق,دانشگاه تهران
1388,انسانی,71,7,منطقه سه,معارف اسلامی و حقوق,مجتمع آموزش عالی سیرجان
1388,انسانی,95,8,منطقه سه,حسابداری,دانشگاه صنعت نفت محل تحصیل تهران
1388,انسانی,98,9,منطقه سه,حقوق,دانشگاه شهید بهشتی - تهران
1388,انسانی,99,10,منطقه سه,حقوق,دانشگاه تهران
1388,هنر,2,1,منطقه دو,عکاسی,دانشگاه تهران
1388,هنر,6,5,منطقه یک,عکاسی,دانشگاه تهران
1388,هنر,9,3,منطقه دو,عکاسی,دانشگاه تهران
1388,هنر,13,9,منطقه یک,چاپ,دانشگاه هنر تهران
1388,هنر,42,9,منطقه دو,عکاسی,دانشگاه تهران
1388,هنر,46,10,منطقه دو,سینما(تدوین، فیلمبرداری، فیلمنامه نویسی، کارگردانی),دانشگاه هنر تهران
1388,هنر,213,8,منطقه سه,عکاسی,دانشگاه هنر اصفهان
1388,زبان,13,5,منطقه دو,مهندسی برق(الکترونیک، بیوالکتریک، قدرت، کنترل، مخابرات),دانشگاه تهران
1388,زبان,16,6,منطقه دو,مهندسی برق(الکترونیک،بیوالکتریک،قدرت،کنترل،مخابرات، دیجیتال),دانشگاه صنعتی شریف - تهران
1388,زبان,17,7,منطقه دو,پزشکی,دانشگاه علوم پزشکی تهران
1388,زبان,20,9,منطقه یک,مهندسی برق(الکترونیک،بیوالکتریک،قدرت،کنترل،مخابرات، دیجیتال),دانشگاه صنعتی شریف - تهران
1388,زبان,88,5,منطقه سه,مهندسی عمران(عمران),دانشگاه فردوسی - مشهد
1388,زبان,93,6,منطقه سه,مهندسی مکانیک,دانشگاه علم و صنعت ایران - تهران
