name,rank,quota,admission,course_type,source_id,date,duplicate_posts
"مبینا اکبری","۱۴۱۶","منطقه ۳","فیزیوتراپی تهران","","55131","2026-05-25T16:50:44.000Z","1"
"ثبت‌نام مشاوره خصوصی 👇","۱۶۴۵","منطقه ۱","مهندسی برق مشهد","","55148","2026-05-26T10:15:14.000Z","2"
"امیر بذرافشان","","","داروسازی بیرجند","","55153","2026-05-26T16:38:06.000Z","1"
"ابوالفضل مرادی","","","پزشکی اراک","","55185","2026-05-27T16:40:06.000Z","1"
"ملینا غزنینی","","","پزشکی آزاد مشهد","آزاد","55205","2026-05-28T16:40:06.000Z","1"
"صدرا جمشیدبیگی","۶۲۲","منطقه ۳","پزشکی ایلام","","55297","2026-05-30T16:41:39.000Z","1"
"نرگس نصرالله زاده","","","پزشکی آزاد تهران","آزاد","55315","2026-05-31T17:01:53.000Z","1"
"امیرحسین طالبی","","","داروسازی آزاد دامغان","آزاد","55337","2026-06-01T16:48:18.000Z","1"
"زهرا نوروزی","","","پزشکی قم","","55379","2026-06-02T16:51:41.000Z","1"
"محمدمهدی بیلندی","۱۵۹۹","منطقه ۳","پزشکی مشهد","","55434","2026-06-04T16:35:10.000Z","1"
"اهورا حیدری","","","پزشکی شهیدبهشتی","","55453","2026-06-05T14:52:46.000Z","1"
"مهدی امین","","","داروسازی آزاد تهران","آزاد","55502","2026-06-06T16:50:07.000Z","1"
"رومینا یوسفی","","","پزشکی ایران","","55531","2026-06-07T16:57:46.000Z","1"
"ستایش شریعت زاده","","","داروسازی دامغان","","55562","2026-06-08T16:47:16.000Z","1"
"محمد میره کی","۱۴۱۶","منطقه ۳","دندانپزشکی سنندج","","55651","2026-06-10T16:40:06.000Z","1"
"فاطمه نوح جاه","","","داروسازی تهران","","55670","2026-06-11T16:50:13.000Z","1"
"محسن محمدی","۱۳۸۶","منطقه ۱","پزشکی همدان","","55729","2026-06-12T16:38:06.000Z","1"
"یگانه کرابی","","","پزشکی گناباد","","55767","2026-06-13T16:38:06.000Z","1"
"یاسین سلیمانی","","","پزشکی آزاد مشهد","آزاد","55791","2026-06-14T16:38:06.000Z","1"
"محمدحسین تقیان","","","پزشکی کاشان","","55814","2026-06-15T16:53:45.000Z","1"
"عطیه جانقربان","","","پزشکی آزاد نجف آباد","آزاد","55842","2026-06-16T16:38:06.000Z","1"
"فاطمه رزاقی","","","پزشکی سیرجان","","55892","2026-06-17T16:57:06.000Z","1"
"فاطیما صادقی","","","پزشکی آزاد نجف آباد","آزاد","55914","2026-06-18T16:42:06.000Z","1"
"اسما پیروی","","","پزشکی تبریز","","55946","2026-06-19T16:42:11.000Z","1"
"ابوالفضل حسینی","","","پزشکی همدان","","55974","2026-06-20T16:38:06.000Z","1"
"نیایش ضیائی","","","پزشکی همدان","","55991","2026-06-21T16:53:07.000Z","1"
"امیرحسین رمضانی","","","پزشکی همدان","","56026","2026-06-22T17:19:26.000Z","1"
"سحر ذبیحی","","","پزشکی شاهرود","","56073","2026-06-23T16:38:42.000Z","1"
"رضوان کریمی","","","پزشکی آزاد نجف آباد","آزاد","56097","2026-06-24T16:34:06.000Z","1"
"زهرا بهپور مقدم","","","فیزیوتراپی تبریز","","56111","2026-06-25T16:38:06.000Z","1"
"ستایش غلامزاده","","","پزشکی تبریز","","56141","2026-06-26T17:14:39.000Z","1"
"محسن حسینی","۱۵۷۹","منطقه ۳","دندانپزشکی اهواز","","56166","2026-06-27T16:55:43.000Z","1"
"سروش احمدی","","","پزشکی کرمانشاه","","56193","2026-06-28T17:27:32.000Z","1"
"احسان بشیری","","","پزشکی کرمانشاه","","56221","2026-06-29T16:59:30.000Z","1"
"شایان عبداللهی","","","پزشکی کرمانشاه","","56246","2026-06-30T16:47:41.000Z","1"
"ماجد امیری","","","پزشکی اهواز","","56269","2026-07-01T16:38:06.000Z","1"
"نازنین زهرا متاجی","","","پزشکی ساری","","56294","2026-07-02T16:38:06.000Z","1"
"آراس نوری سیاسیاهی","۸۴۵","منطقه ۳","داروسازی‌ اصفهان","","56324","2026-07-03T18:41:23.000Z","1"
"حسام تقی زاده","","","دندانپزشکی بابل","","56340","2026-07-04T16:53:26.000Z","1"
"مهلا قادری","","","فیزیوتراپی شیراز","","56364","2026-07-05T16:22:49.000Z","1"
"سینا مختومی","","","داروسازی ساری","","56390","2026-07-06T16:41:17.000Z","1"
"ملیکا نبی","","","فیزیوتراپی بابل","","56417","2026-07-07T16:43:10.000Z","1"
"ملیکا بوتیمار","","","پزشکی بابل","","56471","2026-07-09T16:46:57.000Z","1"
"ژینو بهمنی","","","پزشکی سنندج","","56527","2026-07-10T17:02:11.000Z","1"
"فاطمه متین","","","پزشکی آزاد شاهرود","آزاد","58551","2026-08-10T15:34:06.000Z","1"
"امیرحسین حجاری دولت آباد","","","دندانپزشکی تبریز","","58596","2026-08-11T15:53:05.000Z","1"
"محمدجواد فریدونی","۱۲۵۲","منطقه ۳","پزشکی اراک","","58629","2026-08-12T16:09:59.000Z","1"
"امیررضا مرادبیگی","","","پزشکی همدان","","58643","2026-08-13T15:40:06.000Z","1"
"فاطمه نیکنام","","","فیزیوتراپی سمنان","","58673","2026-08-14T15:48:06.000Z","1"
"محمدرضا نصرتی","","","پزشکی شاهرود","","58693","2026-08-15T15:44:06.000Z","1"
"شیوا بهنام","","","پزشکی یزد","","58710","2026-08-16T15:41:06.000Z","1"
"زهرا سرمست","","","پزشکی کرمان","","58731","2026-08-17T15:39:06.000Z","1"
"فاطمه رجب زاده","","","داروسازی کرمانشاه","","58776","2026-08-18T15:42:06.000Z","1"
"حسین عجم اکرامی","","","پزشکی بقیه الله","","58801","2026-08-19T15:33:06.000Z","1"
"مهیا باقیان","","","فیزیوتراپی یزد","","58959","2026-08-21T15:45:09.000Z","1"
"جهت رزرو مشاوره خصوصی 👇","۱۰۵۷","منطقه ۱","پزشکی مشهد","","58978","2026-08-22T10:11:48.000Z","10"
"سالینا کیانی","","","پزشکی یزد","","59001","2026-08-22T15:39:06.000Z","1"
"زهرا قیاسی","","","داروسازی آزاد تهران","آزاد","59036","2026-08-23T15:36:06.000Z","1"
"محمدفاضل رهنی محبوب","","","پزشکی بیرجند","","59076","2026-08-24T15:46:06.000Z","1"
"ترنم آزادی","","","پزشکی یزد","","59112","2026-08-25T17:32:13.000Z","1"
"عرفان رفتار علی آبادی","","","پزشکی سبزوار","","59141","2026-08-26T15:36:06.000Z","1"
"سنا عموزاده","۶۴۵","منطقه ۳","پزشکی همدان","","59173","2026-08-27T15:48:06.000Z","1"
"لیلا محمودی","","","پزشکی آزاد تهران","آزاد","59229","2026-08-28T15:36:06.000Z","1"
"لاوین صالحی","","","پزشکی همدان","","59309","2026-08-29T16:15:14.000Z","1"
"امیرسجاد قمری","","","دندانپزشکی یزد","","59390","2026-08-30T15:48:06.000Z","1"
"اسرا کارگر","","","پزشکی بیرجند","","59435","2026-08-31T15:46:06.000Z","1"
"مهدی سیستانی","","","پزشکی کرمان","","59525","2026-09-01T15:49:06.000Z","1"
"پریا بابائی","","","پزشکی قزوین","","59586","2026-09-02T15:47:06.000Z","1"
"ماهان شبگرد","۱۱۳۹","منطقه ۳","پزشکی یزد","","59655","2026-09-03T15:42:06.000Z","1"
"نگار حبیب زاده","","","داروسازی همدان","","59733","2026-09-04T15:38:06.000Z","1"
"محمدرضا رشیدزاده","۱۰۳۶","منطقه ۳","پزشکی اردبیل","","59797","2026-09-05T15:32:01.000Z","1"
"آرینا نجفی مهر","","","پزشکی ایلام","","59851","2026-09-06T15:34:01.000Z","1"
"رضا غیب الله زاده","","","پزشکی ارومیه","","59914","2026-09-07T15:38:01.000Z","1"
"کبری فرناد","","","پزشکی بجنورد","","59972","2026-09-08T15:40:04.000Z","1"
"مبینا موسوی","","","دندانپزشکی ایلام","","60021","2026-09-09T15:43:01.000Z","1"
"فاطمه اسکندری","۱۹۳۹","منطقه ۲","پزشکی بجنورد","","60063","2026-09-10T15:46:01.000Z","1"
"پرنیان کیاحیرتی","","","فیزیوتراپی ایران","","60107","2026-09-11T15:34:01.000Z","1"
"صالح تقوی","۱۸۴۱","منطقه ۱","داروسازی بیرجند","","60155","2026-09-12T15:32:01.000Z","1"
"آرتین قبادی فر","","","پزشکی جندی شاپور","","60190","2026-09-13T15:37:01.000Z","1"
"حسین یادگاری","","","پزشکی کرمان","","60225","2026-09-14T15:41:01.000Z","1"
"محمدامین ستوده","","","پزشکی کرمان","","60280","2026-09-15T15:43:01.000Z","1"
"بیتا پارسه","","","داروسازی آمل","","60329","2026-09-16T15:39:01.000Z","1"
"مهسا کرامتی","","","پزشکی بجنورد","","60388","2026-09-17T15:35:08.000Z","1"
"مهلا درویشی","","","پزشکی بم","","60435","2026-09-18T15:33:01.000Z","1"
"امیررضا اتشکار","","","پزشکی اردبیل","","60481","2026-09-19T15:31:01.000Z","1"
"محمدمهدی پناهنده","","","پزشکی سبزوار","","60519","2026-09-20T15:33:01.000Z","1"
"هلیا جوادی","","","فیزیوتراپی ایران","","60555","2026-09-21T15:36:01.000Z","1"
"شفا حق شناس","","","پزشکی زاهدان","","60584","2026-09-22T15:39:01.000Z","1"
"مبینا کیماسی","","","پزشکی همدان","","60648","2026-09-23T15:34:01.000Z","1"
"یونس آقابیگی","۱۲۰۰","منطقه ۳","دندانپزشکی آزاد تهران","آزاد","60722","2026-09-24T15:40:06.000Z","1"
"پدرام میرزائیان","۸۴۵","منطقه ۲","پزشکی اصفهان","","60823","2026-09-25T15:42:01.000Z","1"
"عباس بشارتی","","","فیزیوتراپی کرمانشاه","","60886","2026-09-26T15:33:01.000Z","1"
"محدثه میرزائی","","","پزشکی آزاد تبریز","آزاد","60949","2026-09-27T15:37:01.000Z","1"
"فاطیما پیمانی","","","داروسازی کرمانشاه","","61033","2026-09-28T15:38:01.000Z","1"
"مهشاد ناطقی","","","پزشکی گناباد","","61084","2026-09-29T15:37:01.000Z","1"
"مهشید کرکبودی","","","پزشکی گرگان","","61156","2026-09-30T15:41:01.000Z","1"