name,rank,quota,admission,course_type,rank_source,source_ids,first_seen,last_seen,has_final_card
"فاطمه رزاقی","","","پزشکی سیرجان","","","55892|55127","2026-05-25T10:15:08.000Z","2026-06-17T16:57:06.000Z","true"
"مبینا اکبری","1416","منطقه 3","فیزیوتراپی تهران","","gap_caption","55131","2026-05-25T16:50:44.000Z","2026-05-25T16:50:44.000Z","true"
"مبینا واحدیان","1645","منطقه 1","مهندسی برق مشهد","","gap_caption","55148","2026-05-26T10:15:14.000Z","2026-05-26T10:15:14.000Z","true"
"امیر بذرافشان","","","داروسازی بیرجند","","","55153","2026-05-26T16:38:06.000Z","2026-05-26T16:38:06.000Z","true"
"ابوالفضل مرادی","2153","منطقه 3","پزشکی اراک","","exact_name_rank_universe","55185","2026-05-27T16:40:06.000Z","2026-05-27T16:40:06.000Z","true"
"ملینا غزنینی","","","پزشکی آزاد مشهد","آزاد","","55205","2026-05-28T16:40:06.000Z","2026-05-28T16:40:06.000Z","true"
"صدرا جمشیدبیگی","622","منطقه 3","پزشکی ایلام","","gap_caption","55297","2026-05-30T16:41:39.000Z","2026-05-30T16:41:39.000Z","true"
"نرگس نصرالله زاده","","","پزشکی آزاد تهران","آزاد","","55315","2026-05-31T17:01:53.000Z","2026-05-31T17:01:53.000Z","true"
"امیرحسین طالبی","","","داروسازی آزاد دامغان","آزاد","","55337","2026-06-01T16:48:18.000Z","2026-06-01T16:48:18.000Z","true"
"زهرا نوروزی","","","پزشکی قم","","","55379","2026-06-02T16:51:41.000Z","2026-06-02T16:51:41.000Z","true"
"محمدمهدی بیلندی","1599","منطقه 3","پزشکی مشهد","","gap_caption","55434","2026-06-04T16:35:10.000Z","2026-06-04T16:35:10.000Z","true"
"اهورا حیدری","","","پزشکی شهیدبهشتی","","","55453","2026-06-05T14:52:46.000Z","2026-06-05T14:52:46.000Z","true"
"مهدی امین","","","داروسازی آزاد تهران","آزاد","","55502","2026-06-06T16:50:07.000Z","2026-06-06T16:50:07.000Z","true"
"رومینا یوسفی","","","پزشکی ایران","","","55531","2026-06-07T16:57:46.000Z","2026-06-07T16:57:46.000Z","true"
"ستایش شریعت زاده","","","داروسازی دامغان","","","55562","2026-06-08T16:47:16.000Z","2026-06-08T16:47:16.000Z","false"
"محمد میره کی","1416","منطقه 3","دندانپزشکی سنندج","","gap_caption","55651","2026-06-10T16:40:06.000Z","2026-06-10T16:40:06.000Z","true"
"فاطمه نوح جاه","","","داروسازی تهران","","","55670","2026-06-11T16:50:13.000Z","2026-06-11T16:50:13.000Z","false"
"محسن محمدی","1386","منطقه 1","پزشکی همدان","","gap_caption","55729","2026-06-12T16:38:06.000Z","2026-06-12T16:38:06.000Z","true"
"مبینا زکانی","1225","منطقه 2","پزشکی قزوین","","gap_caption","55745","2026-06-13T10:04:19.000Z","2026-06-13T10:04:19.000Z","true"
"یگانه کرابی","","","پزشکی گناباد","","","55767","2026-06-13T16:38:06.000Z","2026-06-13T16:38:06.000Z","true"
"سپیده منصوری","391","منطقه 3","دندانپزشکی اردبیل","","gap_caption","55783","2026-06-14T10:01:07.000Z","2026-06-14T10:01:07.000Z","false"
"یاسین سلیمانی","","","پزشکی آزاد مشهد","آزاد","","55791","2026-06-14T16:38:06.000Z","2026-06-14T16:38:06.000Z","true"
"ایلیا رحیمی","1471","منطقه 3","پزشکی سنندج","","gap_caption","55803","2026-06-15T10:02:06.000Z","2026-06-15T10:02:06.000Z","false"
"محمدحسین تقیان","","","پزشکی کاشان","","","55814","2026-06-15T16:53:45.000Z","2026-06-15T16:53:45.000Z","true"
"نیکی پورجعفری","1892","منطقه 2","دندانپزشکی آزاد تهران","آزاد","gap_caption","55830","2026-06-16T10:03:06.000Z","2026-06-16T10:03:06.000Z","false"
"عطیه جانقربان","","","پزشکی آزاد نجف آباد","آزاد","","55842","2026-06-16T16:38:06.000Z","2026-06-16T16:38:06.000Z","true"
"مهسا ستوده","1387","منطقه 3","پزشکی بجنورد","","gap_caption","55876","2026-06-17T10:04:06.000Z","2026-06-17T10:04:06.000Z","false"
"حنانه قدیمی","1926","منطقه 2","داروسازی کرج","","gap_caption","55910","2026-06-18T10:05:12.000Z","2026-06-18T10:05:12.000Z","false"
"فاطیما صادقی","","","پزشکی آزاد نجف آباد","آزاد","","55914","2026-06-18T16:42:06.000Z","2026-06-18T16:42:06.000Z","true"
"سید محمدعارف حسینی","692","منطقه 1","دندانپزشکی مشهد","","gap_caption","55930","2026-06-19T07:29:49.000Z","2026-06-19T07:29:49.000Z","true"
"اسما پیروی","","","پزشکی تبریز","","","55946","2026-06-19T16:42:11.000Z","2026-06-19T16:42:11.000Z","true"
"ابوالفضل حسینی","","","پزشکی همدان","","","55974","2026-06-20T16:38:06.000Z","2026-06-20T16:38:06.000Z","true"
"نیایش ضیائی","","","پزشکی همدان","","","55991","2026-06-21T16:53:07.000Z","2026-06-21T16:53:07.000Z","true"
"امیرحسین رمضانی","","","پزشکی همدان","","","56026","2026-06-22T17:19:26.000Z","2026-06-22T17:19:26.000Z","true"
"سحر ذبیحی","","","پزشکی شاهرود","","","56073","2026-06-23T16:38:42.000Z","2026-06-23T16:38:42.000Z","true"
"رضوان کریمی","","","پزشکی آزاد نجف آباد","آزاد","","56097","2026-06-24T16:34:06.000Z","2026-06-24T16:34:06.000Z","true"
"زهرا بهپور مقدم","","","فیزیوتراپی تبریز","","","56111","2026-06-25T16:38:06.000Z","2026-06-25T16:38:06.000Z","true"
"ستایش غلامزاده","","","پزشکی تبریز","","","56141","2026-06-26T17:14:39.000Z","2026-06-26T17:14:39.000Z","true"
"محسن حسینی","1579","منطقه 3","دندانپزشکی اهواز","","gap_caption","56166","2026-06-27T16:55:43.000Z","2026-06-27T16:55:43.000Z","true"
"سروش احمدی","2582","منطقه 2","پزشکی کرمانشاه","","exact_name_rank_universe","56193","2026-06-28T17:27:32.000Z","2026-06-28T17:27:32.000Z","true"
"احسان بشیری","","","پزشکی کرمانشاه","","","56221","2026-06-29T16:59:30.000Z","2026-06-29T16:59:30.000Z","true"
"شایان عبداللهی","2442","منطقه 2","پزشکی کرمانشاه","","exact_name_rank_universe","56246","2026-06-30T16:47:41.000Z","2026-06-30T16:47:41.000Z","true"
"ماجد امیری","","","پزشکی اهواز","","","56269","2026-07-01T16:38:06.000Z","2026-07-01T16:38:06.000Z","true"
"نازنین زهرا متاجی","","","پزشکی ساری","","","56294","2026-07-02T16:38:06.000Z","2026-07-02T16:38:06.000Z","true"
"آراس نوری سیاسیاهی","845","منطقه 3","داروسازی‌ اصفهان","","gap_caption","56324","2026-07-03T18:41:23.000Z","2026-07-03T18:41:23.000Z","true"
"حسام تقی زاده","","","دندانپزشکی بابل","","","56340","2026-07-04T16:53:26.000Z","2026-07-04T16:53:26.000Z","true"
"مهلا قادری","2109","منطقه 1","فیزیوتراپی شیراز","","exact_name_rank_universe","56364","2026-07-05T16:22:49.000Z","2026-07-05T16:22:49.000Z","true"
"سینا مختومی","2735","منطقه 3","داروسازی ساری","","exact_name_rank_universe","56390","2026-07-06T16:41:17.000Z","2026-07-06T16:41:17.000Z","true"
"ملیکا نبی","","","فیزیوتراپی بابل","","","56417","2026-07-07T16:43:10.000Z","2026-07-07T16:43:10.000Z","true"
"ملیکا بوتیمار","","","پزشکی بابل","","","56471","2026-07-09T16:46:57.000Z","2026-07-09T16:46:57.000Z","true"
"ژینو بهمنی","2018","منطقه 2","پزشکی سنندج","","exact_name_rank_universe","56527","2026-07-10T17:02:11.000Z","2026-07-10T17:02:11.000Z","true"
"فاطمه متین","","","پزشکی آزاد شاهرود","آزاد","","58551","2026-08-10T15:34:06.000Z","2026-08-10T15:34:06.000Z","true"
"امیرحسین حجاری دولت آباد","","","دندانپزشکی تبریز","","","58596","2026-08-11T15:53:05.000Z","2026-08-11T15:53:05.000Z","true"
"محمدجواد فریدونی","1252","منطقه 3","پزشکی اراک","","gap_caption","58629","2026-08-12T16:09:59.000Z","2026-08-12T16:09:59.000Z","true"
"امیررضا مرادبیگی","","","پزشکی همدان","","","58643","2026-08-13T15:40:06.000Z","2026-08-13T15:40:06.000Z","true"
"فاطمه نیکنام","","","فیزیوتراپی سمنان","","","58673","2026-08-14T15:48:06.000Z","2026-08-14T15:48:06.000Z","true"
"محمدرضا نصرتی","","","پزشکی شاهرود","","","58693","2026-08-15T15:44:06.000Z","2026-08-15T15:44:06.000Z","true"
"شیوا بهنام","","","پزشکی یزد","","","58710","2026-08-16T15:41:06.000Z","2026-08-16T15:41:06.000Z","true"
"زهرا سرمست","2018","منطقه 2","پزشکی کرمان","","exact_name_rank_universe","58731","2026-08-17T15:39:06.000Z","2026-08-17T15:39:06.000Z","true"
"فاطمه رجب زاده","","","داروسازی کرمانشاه","","","58776","2026-08-18T15:42:06.000Z","2026-08-18T15:42:06.000Z","true"
"حسین عجم اکرامی","","","پزشکی بقیه الله","","","58801","2026-08-19T15:33:06.000Z","2026-08-19T15:33:06.000Z","true"
"یسنا کفیلی","523","منطقه 3","پزشکی تبریز","","gap_caption","58888","2026-08-20T15:37:07.000Z","2026-08-20T15:37:07.000Z","true"
"ویانا اسماعیلی","2223","منطقه 2","پزشکی کرمانشاه","","exact_name_rank_universe","58939","2026-08-21T10:44:06.000Z","2026-08-21T10:44:06.000Z","true"
"مهیا باقیان","","","فیزیوتراپی یزد","","","58959","2026-08-21T15:45:09.000Z","2026-08-21T15:45:09.000Z","true"
"سبا عربشاهی","1057","منطقه 1","پزشکی مشهد","","gap_caption","58978","2026-08-22T10:11:48.000Z","2026-08-22T10:11:48.000Z","true"
"سالینا کیانی","","","پزشکی یزد","","","59001","2026-08-22T15:39:06.000Z","2026-08-22T15:39:06.000Z","true"
"زهرا قیاسی","","","داروسازی آزاد تهران","آزاد","","59036","2026-08-23T15:36:06.000Z","2026-08-23T15:36:06.000Z","true"
"محمدفاضل رهنی محبوب","2666","منطقه 3","پزشکی بیرجند","","exact_name_rank_universe","59076","2026-08-24T15:46:06.000Z","2026-08-24T15:46:06.000Z","true"
"ترنم آزادی","","","پزشکی یزد","","","59112","2026-08-25T17:32:13.000Z","2026-08-25T17:32:13.000Z","true"
"عرفان رفتار علی آبادی","","","پزشکی سبزوار","","","59141","2026-08-26T15:36:06.000Z","2026-08-26T15:36:06.000Z","true"
"سنا عموزاده","645","منطقه 3","پزشکی همدان","","gap_caption","59173","2026-08-27T15:48:06.000Z","2026-08-27T15:48:06.000Z","true"
"لیلا محمودی","","","پزشکی آزاد تهران","آزاد","","59229","2026-08-28T15:36:06.000Z","2026-08-28T15:36:06.000Z","true"
"لاوین صالحی","2272","منطقه 3","پزشکی همدان","","exact_name_rank_universe","59309","2026-08-29T16:15:14.000Z","2026-08-29T16:15:14.000Z","true"
"امیرسجاد قمری","2517","منطقه 1","دندانپزشکی یزد","","exact_name_rank_universe","59390","2026-08-30T15:48:06.000Z","2026-08-30T15:48:06.000Z","true"
"اسرا کارگر","2257","منطقه 1","پزشکی بیرجند","","exact_name_rank_universe","59435","2026-08-31T15:46:06.000Z","2026-08-31T15:46:06.000Z","true"
"مهدی سیستانی","","","پزشکی کرمان","","","59525","2026-09-01T15:49:06.000Z","2026-09-01T15:49:06.000Z","true"
"پریا بابائی","","","پزشکی قزوین","","","59586","2026-09-02T15:47:06.000Z","2026-09-02T15:47:06.000Z","true"
"ماهان شبگرد","1139","منطقه 3","پزشکی یزد","","gap_caption","59655","2026-09-03T15:42:06.000Z","2026-09-03T15:42:06.000Z","true"
"نگار حبیب زاده","2761","منطقه 2","داروسازی همدان","","exact_name_rank_universe","59733","2026-09-04T15:38:06.000Z","2026-09-04T15:38:06.000Z","true"
"محمدرضا رشیدزاده","1036","منطقه 3","پزشکی اردبیل","","gap_caption","59797","2026-09-05T15:32:01.000Z","2026-09-05T15:32:01.000Z","true"
"آرینا نجفی مهر","","","پزشکی ایلام","","","59851","2026-09-06T15:34:01.000Z","2026-09-06T15:34:01.000Z","true"
"رضا غیب الله زاده","","","پزشکی ارومیه","","","59914","2026-09-07T15:38:01.000Z","2026-09-07T15:38:01.000Z","true"
"کبری فرناد","","","پزشکی بجنورد","","","59972","2026-09-08T15:40:04.000Z","2026-09-08T15:40:04.000Z","true"
"مبینا موسوی","","","دندانپزشکی ایلام","","","60021","2026-09-09T15:43:01.000Z","2026-09-09T15:43:01.000Z","true"
"فاطمه اسکندری","1939","منطقه 2","پزشکی بجنورد","","gap_caption","60063","2026-09-10T15:46:01.000Z","2026-09-10T15:46:01.000Z","true"
"پرنیان کیاحیرتی","","","فیزیوتراپی ایران","","","60107","2026-09-11T15:34:01.000Z","2026-09-11T15:34:01.000Z","true"
"صالح تقوی","1841","منطقه 1","داروسازی بیرجند","","gap_caption","60155","2026-09-12T15:32:01.000Z","2026-09-12T15:32:01.000Z","true"
"آرتین قبادی فر","","","پزشکی جندی شاپور","","","60190","2026-09-13T15:37:01.000Z","2026-09-13T15:37:01.000Z","true"
"حسین یادگاری","","","پزشکی کرمان","","","60225","2026-09-14T15:41:01.000Z","2026-09-14T15:41:01.000Z","true"
"محمدامین ستوده","","","پزشکی کرمان","","","60280","2026-09-15T15:43:01.000Z","2026-09-15T15:43:01.000Z","true"
"بیتا پارسه","","","داروسازی آمل","","","60329","2026-09-16T15:39:01.000Z","2026-09-16T15:39:01.000Z","true"
"مهسا کرامتی","","","پزشکی بجنورد","","","60388","2026-09-17T15:35:08.000Z","2026-09-17T15:35:08.000Z","true"
"مهلا درویشی","","","پزشکی بم","","","60435","2026-09-18T15:33:01.000Z","2026-09-18T15:33:01.000Z","true"
"امیررضا اتشکار","","","پزشکی اردبیل","","","60481","2026-09-19T15:31:01.000Z","2026-09-19T15:31:01.000Z","true"
"محمدمهدی پناهنده","","","پزشکی سبزوار","","","60519","2026-09-20T15:33:01.000Z","2026-09-20T15:33:01.000Z","true"
"هلیا جوادی","","","فیزیوتراپی ایران","","","60555","2026-09-21T15:36:01.000Z","2026-09-21T15:36:01.000Z","true"
"شفا حق شناس","","","پزشکی زاهدان","","","60584","2026-09-22T15:39:01.000Z","2026-09-22T15:39:01.000Z","true"
"مبینا کیماسی","1047","منطقه 3","پزشکی همدان","","exact_name_rank_universe","60648","2026-09-23T15:34:01.000Z","2026-09-23T15:34:01.000Z","true"
"یونس آقابیگی","1200","منطقه 3","دندانپزشکی آزاد تهران","آزاد","gap_caption","60722","2026-09-24T15:40:06.000Z","2026-09-24T15:40:06.000Z","true"
"پدرام میرزائیان","845","منطقه 2","پزشکی اصفهان","","gap_caption","60823","2026-09-25T15:42:01.000Z","2026-09-25T15:42:01.000Z","true"
"عباس بشارتی","","","فیزیوتراپی کرمانشاه","","","60886","2026-09-26T15:33:01.000Z","2026-09-26T15:33:01.000Z","true"
"محدثه میرزائی","","","پزشکی آزاد تبریز","آزاد","","60949","2026-09-27T15:37:01.000Z","2026-09-27T15:37:01.000Z","true"
"فاطیما پیمانی","","","داروسازی کرمانشاه","","","61033","2026-09-28T15:38:01.000Z","2026-09-28T15:38:01.000Z","true"
"مهشاد ناطقی","","","پزشکی گناباد","","","61084","2026-09-29T15:37:01.000Z","2026-09-29T15:37:01.000Z","true"
"مهشید کرکبودی","2304","منطقه 2","پزشکی گرگان","","exact_name_rank_universe","61156","2026-09-30T15:41:01.000Z","2026-09-30T15:41:01.000Z","true"