پیام تلگرام,شماره منبع,سال,گروه آزمایشی,رتبه کشوری,رتبه منطقه,منطقه,رتبه سهمیه ویژه,سهمیه ویژه,رشته قبولی,دانشگاه قبولی,نوع دوره قبولی,عبارت خام قبولی
2326,123,1404,تجربی,637,221,منطقه 1,,,دندانپزشکی,دانشگاه علوم پزشکی تبریز,روزانه,دندانپزشکی روزانه تبریز
2295,108,1404,تجربی,917,184,منطقه 3,,,پزشکی,دانشگاه علوم پزشکی ایران,روزانه,پزشکی روزانه ایران
2292,106_107,1404,تجربی,1184,398,منطقه 1,,,دندانپزشکی,دانشگاه علوم پزشکی شهرکرد,روزانه,دندانپزشکی روزانه شهرکرد
2276,96_97,1404,تجربی,1331,269,منطقه 3,,,دندانپزشکی,دانشگاه علوم پزشکی البرز - کرج,روزانه,دندانپزشکی روزانه کرج
2357,135_136,1404,تجربی,1375,446,منطقه 1,,,دندانپزشکی,دانشگاه آزاد اسلامی واحد پزشکی تهران,آزاد,دندانپزشکی آزاد تهران
2167,61_62,1404,تجربی,1389,450,منطقه 1,,,پزشکی,دانشگاه علوم پزشکی شهید بهشتی - تهران,پردیس,پزشکی پردیس بهشتی
2093,51,1404,تجربی,1482,706,منطقه 2,,,دندانپزشکی,دانشگاه علوم پزشکی قزوین,روزانه,دندانپزشکی روزانه قزوین
2302,109,1404,تجربی,1758,361,منطقه 3,,,دندانپزشکی,دانشگاه علوم پزشکی کردستان - سنندج,روزانه,دندانپزشکی روزانه سنندج
2143,56_57,1404,تجربی,1845,853,منطقه 2,,,دندانپزشکی,دانشگاه علوم پزشکی کرمان,روزانه,دندانپزشکی روزانه کرمان
1866,5_6,1404,تجربی,1933,901,منطقه 2,,,دندانپزشکی,دانشگاه شاهد - تهران,پردیس,دندان پزشکی پردیس شاهد تهران
2305,110,1404,تجربی,2199,1024,منطقه 2,,,پزشکی,دانشگاه علوم پزشکی البرز - کرج,روزانه,پزشکی روزانه کرج پسر - بومی
1929,31_32,1404,تجربی,2422,1124,منطقه 2,,,پزشکی,دانشگاه علوم پزشکی بیرجند,روزانه,پزشکی روزانه بیرجند
2307,111_112,1404,تجربی,2433,491,منطقه 3,,,پزشکی,دانشگاه علوم پزشکی شیراز,پردیس,پزشکی پردیس شیراز
2177,65_66,1404,تجربی,2553,853,منطقه 1,,,داروسازی,دانشگاه علوم پزشکی شهید بهشتی - تهران,روزانه,داروسازی روزانه بهشتی
2041,39,1404,تجربی,3108,1030,منطقه 1,,,پزشکی,دانشگاه علوم پزشکی تبریز,شهریه‌پرداز,پزشکی شهریه پرداز تبریز
1945,34_35,1404,تجربی,3368,1506,منطقه 2,,,دندانپزشکی,دانشگاه آزاد اسلامی واحد پزشکی تهران,آزاد,دندانپزشکی آزاد تهران
2237,90_91,1404,تجربی,3488,1150,منطقه 1,,,پزشکی - نیمسال اول,دانشگاه آزاد اسلامی واحد پزشکی تهران,آزاد,پزشکی آزاد نیمسال اول تهران
1918,29_30,1404,تجربی,3823,828,منطقه 3,,,پزشکی,دانشگاه علوم پزشکی شهید بهشتی - تهران,پردیس,پزشکی پردیس بهشتی
2182,67,1404,تجربی,3922,1261,منطقه 1,,,دندانپزشکی,دانشگاه آزاد اسلامی واحد بروجرد,آزاد,دندانپزشکی آزاد بروجرد
1932,33,1404,تجربی,4170,1915,منطقه 2,,,پزشکی,دانشگاه علوم پزشکی تبریز,شهریه‌پرداز,پزشکی شهریه پرداز تبریز
2275,94_95,1404,تجربی,4268,1960,منطقه 2,,,پزشکی,دانشگاه علوم پزشکی قزوین,روزانه,پزشکی روزانه قزوین
2329,124,1404,تجربی,4313,1984,منطقه 2,,,داروسازی,دانشگاه علوم پزشکی شهید بهشتی - تهران,شهریه‌پرداز,داروسازی شهریه پرداز بهشتی
2047,46,1404,تجربی,4507,2089,منطقه 2,237,سهمیه 5٪,دندانپزشکی,دانشگاه آزاد اسلامی واحد پزشکی تهران,آزاد,دندان پزشکی آزاد تهران
2135,55,1404,تجربی,4931,2282,منطقه 2,259,سهمیه 5٪,پزشکی,دانشگاه علوم پزشکی ایران,روزانه,پزشکی روزانه ایران
1880,11_12,1404,تجربی,5399,2517,منطقه 2,,,دندانپزشکی,دانشگاه آزاد اسلامی واحد بروجرد,آزاد,دندان پزشکی آزاد بروجرد
2199,76_77,1404,تجربی,5513,1234,منطقه 3,,,پزشکی,دانشگاه علوم پزشکی جندی شاپور اهواز,روزانه,پزشکی روزانه اهواز
2036,37_38,1404,تجربی,5530,1242,منطقه 3,,,دندانپزشکی,دانشگاه علوم پزشکی تبریز,تعهدی,دندان پزشکی تعهدی تبریز
1945,34_35,1404,تجربی,5835,1321,منطقه 3,,,پزشکی,دانشگاه علوم پزشکی تبریز,شهریه‌پرداز,پزشکی شهریه پرداز تبریز
2167,61_62,1404,تجربی,5897,1826,منطقه 1,,,داروسازی,دانشگاه علوم پزشکی تبریز,روزانه,داروسازی روزانه تبریز
2127,54,1404,تجربی,5927,2756,منطقه 2,,,پزشکی,دانشگاه علوم پزشکی بابل,پردیس,پزشکی پردیس بابل
2045,43,1404,تجربی,5988,1854,منطقه 1,,,پزشکی,دانشگاه علوم پزشکی شهرکرد,پردیس,پزشکی پردیس شهرکرد
1871,9_10,1404,تجربی,6158,1911,منطقه 1,,,فیزیوتراپی,دانشگاه علوم پزشکی تبریز,روزانه,فیزیوتراپی روزانه تبریز
2315,117_118,1404,تجربی,6254,2894,منطقه 2,,,پزشکی,دانشگاه علوم پزشکی زنجان,روزانه,پزشکی روزانه زنجان بومی-پسر
1870,7_8,1404,تجربی,6254,2894,منطقه 2,,,پزشکی,دانشگاه علوم پزشکی لرستان - خرم‌آباد,روزانه,پزشکی روزانه خرم آباد
1916,27_28,1404,تجربی,6277,1418,منطقه 3,315,سهمیه 5٪,دندانپزشکی,دانشگاه آزاد اسلامی واحد پزشکی تهران,آزاد,دندان پزشکی آزاد تهران
2159,59_60,1404,تجربی,6856,3154,منطقه 2,,,داروسازی,دانشگاه علوم پزشکی جندی شاپور اهواز,روزانه,داروسازی روزانه اهواز
2341,131_132,1404,تجربی,6946,1610,منطقه 1,,,پزشکی,دانشگاه علوم پزشکی جهرم,روزانه,پزشکی روزانه جهرم زن - بومی فارس
2202,78,1404,تجربی,6967,2152,منطقه 1,,,فیزیوتراپی,دانشگاه علوم توانبخشی و سلامت اجتماعی - تهران,شهریه‌پرداز,فیزیوتراپی شهریه پرداز توانبخشی تهران
2190,70_71,1404,تجربی,7802,3539,منطقه 2,,,پزشکی,دانشگاه علوم پزشکی مازندران - پردیس رامسر,پردیس,پزشکی پردیس رامسر
2197,74_75,1404,تجربی,8481,3820,منطقه 2,,,پزشکی,دانشگاه علوم پزشکی لرستان - خرم‌آباد,شهریه‌پرداز,پزشکی شهریه پرداز خرم آباد
2217,81_82,1404,تجربی,8793,3957,منطقه 2,,,پزشکی,دانشگاه علوم پزشکی کردستان - سنندج,پردیس,پزشکی پردیس سنندج
2187,68_69,1404,تجربی,8855,3975,منطقه 2,448,سهمیه 5٪,پزشکی,دانشگاه علوم پزشکی ایران,پردیس,پزشکی پردیس ایران
1907,19_20,1404,تجربی,9129,2243,منطقه 3,467,سهمیه 5٪,داروسازی,دانشگاه علوم پزشکی تهران,پردیس,داروسازی پردیس تهران
1899,14_15,1404,تجربی,9343,4198,منطقه 2,,,داروسازی,دانشگاه علوم پزشکی کرمان,پردیس,داروسازی پردیس کرمان
2334,125_126,1404,تجربی,9621,2919,منطقه 1,,,پزشکی,دانشگاه علوم پزشکی ایلام,شهریه‌پرداز,پزشکی شهریه پرداز ایلام
2173,64_65,1404,تجربی,9937,2466,منطقه 3,,,پزشکی,دانشگاه علوم پزشکی کردستان - سنندج,پردیس,پزشکی پردیس سنندج
2143,56_57,1404,تجربی,9988,4487,منطقه 2,,,فیزیوتراپی,دانشگاه علوم پزشکی جندی شاپور اهواز,روزانه,فیزیوتراپی روزانه اهواز
2233,86_87,1404,تجربی,10311,2573,منطقه 3,546,سهمیه 5٪,پزشکی,دانشگاه علوم پزشکی اصفهان,روزانه,پزشکی روزانه اصفهان
2334,125_126,1404,تجربی,10929,2756,منطقه 3,,,داروسازی,دانشگاه علوم پزشکی جندی شاپور اهواز,شهریه‌پرداز,داروسازی شهریه پرداز اهواز
2244,92_93,1404,تجربی,11156,5001,منطقه 2,,,پزشکی,دانشگاه علوم پزشکی مشهد,تعهدی,پزشکی تعهدی مناطق مشهد
2291,104_105,1404,تجربی,11559,2929,منطقه 3,,,بینایی‌سنجی,دانشگاه علوم پزشکی مشهد,روزانه,بینایی سنجی روزانه مشهد
1903,17,1404,تجربی,11922,5339,منطقه 2,,,پزشکی,دانشگاه علوم پزشکی لرستان - خرم‌آباد,تعهدی,پزشکی تعهدی خرم آباد
1915,25_26,1404,تجربی,12062,5405,منطقه 2,,,پزشکی,دانشگاه علوم پزشکی زابل,روزانه,پزشکی روزانه زابل بومی
2035,36,1404,تجربی,12337,3157,منطقه 3,,,ساخت پروتزهای دندانی,دانشگاه علوم پزشکی شهید بهشتی - تهران,روزانه,پروتز دندان روزانه بهشتی
2315,117_118,1404,تجربی,12374,3168,منطقه 3,,,دندانپزشکی,دانشگاه علوم پزشکی ایلام,تعهدی,دندانپزشکی تعهدی ایلام بومی بوشهر - محل تعهد مناطق بوشهر
1907,19_20,1404,تجربی,12393,3174,منطقه 3,,,پزشکی,دانشگاه علوم پزشکی زاهدان,روزانه,پزشکی روزانه زاهدان
1916,27_28,1404,تجربی,12792,5714,منطقه 2,735,سهمیه 5٪,پزشکی,دانشگاه علوم پزشکی تبریز,روزانه,پزشکی روزانه تبریز
1909,21_22,1404,تجربی,13463,6006,منطقه 2,,,پزشکی,دانشگاه علوم پزشکی البرز - کرج,تعهدی,پزشکی تعهدی کرج
2110,53,1404,تجربی,14330,6364,منطقه 2,,,دندانپزشکی,دانشگاه علوم پزشکی شهرکرد,تعهدی,دندانپزشکی تعهدی شهرکرد
1870,7_8,1404,تجربی,14537,3826,منطقه 3,,,داروسازی,دانشگاه آزاد اسلامی واحد دامغان,آزاد,داروسازی آزاد دامغان
2168,63,1404,تجربی,14591,3843,منطقه 3,,,دندانپزشکی,دانشگاه علوم پزشکی زاهدان,تعهدی,دندانپزشکی تعهدی زاهدان
2341,131_132,1404,تجربی,14740,4315,منطقه 1,,,پزشکی,دانشگاه علوم پزشکی تهران,تعهدی,پزشکی تعهدی تهران زن - بومی تهران - محل تعهد سیستان و بلوچستان
2036,37_38,1404,تجربی,15437,4502,منطقه 1,,,شنوایی‌شناسی,دانشگاه علوم پزشکی بابل,روزانه,شنوایی شناسی روزانه بابل
2051,49,1404,تجربی,15526,4128,منطقه 3,,,پزشکی,دانشگاه علوم پزشکی یاسوج,تعهدی,پزشکی تعهدی یاسوج
2317,119_120,1404,تجربی,15697,6938,منطقه 2,,,پزشکی,دانشگاه علوم پزشکی گیلان - رشت,تعهدی,پزشکی تعهدی رشت بومی - زن
2195,72_73,1404,تجربی,16300,4373,منطقه 3,947,سهمیه 5٪,داروسازی,دانشگاه علوم پزشکی شهید بهشتی - تهران,شهریه‌پرداز,داروسازی شهریه پرداز بهشتی
2279,98_99,1404,تجربی,16527,7360,منطقه 2,,,پزشکی,دانشگاه علوم پزشکی بابل,تعهدی,پزشکی تعهدی بابل بومی-دختر
1887,13,1404,تجربی,16694,4470,منطقه 3,,,پزشکی,دانشگاه علوم پزشکی ارتش,بورسیه,پزشکی بورسیه ارتش
2311,115_116,1404,تجربی,16965,4542,منطقه 3,,,پزشکی,دانشگاه آزاد اسلامی واحد ساری,آزاد تمام‌وقت,پزشکی آزاد تمام وقت ساری
2046,44_45,1404,تجربی,17220,4622,منطقه 3,,,پزشکی,دانشگاه علوم پزشکی البرز - کرج,تعهدی,پزشکی تعهدی کرج
2225,83,1404,تجربی,17558,7760,منطقه 2,,,پزشکی,دانشگاه علوم پزشکی مازندران - ساری,تعهدی,پزشکی تعهدی مناطق ساری
2233,86_87,1404,تجربی,18045,7977,منطقه 2,1064,سهمیه 5٪,داروسازی,دانشگاه علوم پزشکی مازندران - ساری,روزانه,داروسازی روزانه ساری
2321,121_122,1404,تجربی,18065,4897,منطقه 3,,,شنوایی‌شناسی,دانشگاه علوم پزشکی اراک,روزانه,شنوایی شناسی روزانه اراک
2187,68_69,1404,تجربی,18129,8016,منطقه 2,,,دامپزشکی,دانشگاه آزاد اسلامی واحد علوم و تحقیقات تهران,آزاد,دامپزشکی آزاد علوم تحقیقات تهران
2337,127_128,1404,تجربی,18318,8093,منطقه 2,,,پزشکی,دانشگاه علوم پزشکی جندی شاپور اهواز,تعهدی,پزشکی تعهدی اهواز محل تعهد خوزستان - مرد
2291,104_105,1404,تجربی,18453,8156,منطقه 2,1095,سهمیه 5٪,پزشکی,دانشگاه علوم پزشکی کرمانشاه,روزانه,پزشکی روزانه کرمانشاه
2107,52,1404,تجربی,18893,5131,منطقه 3,,,پزشکی,دانشگاه آزاد اسلامی واحد ساری,آزاد,پزشکی آزاد ساری
2227,84_85,1404,تجربی,19902,5440,منطقه 3,,,پزشکی,دانشگاه آزاد اسلامی واحد زاهدان,آزاد تمام‌وقت,پزشکی آزاد تمام وقت زاهدان
1863,3_4,1404,تجربی,20405,5577,منطقه 3,,,پزشکی,دانشگاه آزاد اسلامی واحد قشم,آزاد خودگردان,پزشکی آزاد خودگردان قشم
1913,23_24,1404,تجربی,21516,6083,منطقه 1,,,پرستاری,دانشگاه علوم پزشکی نیشابور,روزانه,پرستاری روزانه نیشابور
2050,47_48,1404,تجربی,21539,9553,منطقه 2,1327,سهمیه 5٪,فیزیوتراپی,دانشگاه علوم پزشکی شیراز,پردیس,فیزیوتراپی پردیس شیراز
2309,113_114,1404,تجربی,21581,6103,منطقه 1,,,دامپزشکی,دانشگاه آزاد اسلامی واحد سنندج,آزاد,دامپزشکی آزاد سنندج
2197,74_75,1404,تجربی,23177,10289,منطقه 2,1466,سهمیه 5٪,پزشکی,دانشگاه علوم پزشکی زنجان,روزانه,پزشکی روزانه زنجان
2290,102_103,1404,تجربی,25253,11175,منطقه 2,1651,سهمیه 5٪,داروسازی,دانشگاه علوم پزشکی زنجان,پردیس,داروسازی پردیس زنجان
2173,64_65,1404,تجربی,26511,7385,منطقه 3,1760,سهمیه 5٪,داروسازی,دانشگاه علوم پزشکی مازندران - پردیس رامسر,پردیس,داروسازی پردیس رامسر
2311,115_116,1404,تجربی,26796,7461,منطقه 3,1784,سهمیه 5٪,پزشکی - نیمسال دوم,دانشگاه علوم پزشکی کرمان,روزانه,پزشکی روزانه کرمان نیمسال دوم
2082,50,1404,تجربی,28480,7982,منطقه 3,1920,سهمیه 5٪,پزشکی,دانشگاه علوم پزشکی کردستان - سنندج,روزانه,پزشکی روزانه سنندج
2237,90_91,1404,تجربی,28834,8093,منطقه 3,,,اتاق عمل,دانشگاه علوم پزشکی البرز - کرج,روزانه,اتاق عمل روزانه کرج
2195,72_73,1404,تجربی,29543,13036,منطقه 2,,,پرستاری,دانشگاه علوم پزشکی کرمانشاه,روزانه,پرستاری روزانه کرمانشاه
1904,18,1404,تجربی,30154,8512,منطقه 3,2064,سهمیه 5٪,پزشکی,دانشگاه علوم پزشکی آبادان,روزانه,پزشکی روزانه آبادان
2309,113_114,1404,تجربی,30436,13410,منطقه 2,2088,سهمیه 5٪,پزشکی,دانشگاه علوم پزشکی اردبیل,پردیس,پزشکی پردیس اردبیل
2338,129_130,1404,تجربی,31305,8666,منطقه 1,2147,سهمیه 5٪,پزشکی,دانشگاه علوم پزشکی ارومیه,شهریه‌پرداز,پزشکی شهریه پرداز ارومیه
2275,94_95,1404,تجربی,31857,9021,منطقه 3,,,هوشبری,دانشگاه علوم پزشکی شیراز,روزانه,هوشبری روزانه شیراز
1929,31_32,1404,تجربی,32059,9075,منطقه 3,,,علوم تغذیه,دانشکده علوم پزشکی لارستان,روزانه,تغذیه روزانه لارستان
1857,1_2,1404,تجربی,34559,15000,منطقه 2,2413,سهمیه 5٪,پزشکی,دانشگاه علوم پزشکی شاهرود,روزانه,پزشکی روزانه شاهرود
2236,88_89,1404,تجربی,34829,15275,منطقه 2,,,پزشکی,دانشگاه علوم پزشکی هرمزگان - بندرعباس,تعهدی,پزشکی تعهدی بندرعباس بومی استان - دختر
2317,119_120,1404,تجربی,35308,9679,منطقه 1,2474,سهمیه 5٪,پزشکی,دانشگاه آزاد اسلامی واحد پزشکی تهران,آزاد تمام‌وقت,پزشکی آزاد تمام وقت تهران
2177,65_66,1404,تجربی,35419,15533,منطقه 2,,,مامایی,دانشگاه علوم پزشکی همدان,روزانه,مامایی روزانه همدان
1899,14_15,1404,تجربی,36981,10666,منطقه 3,,,دامپزشکی,دانشگاه آزاد اسلامی واحد کرج,آزاد,دامپزشکی آزاد کرج
1913,23_24,1404,تجربی,38017,11000,منطقه 3,2710,سهمیه 5٪,پزشکی,دانشگاه آزاد اسلامی واحد پزشکی تهران,آزاد خودگردان,پزشکی آزاد خودگردان تهران
2050,47_48,1404,تجربی,39166,10592,منطقه 1,,,پرستاری,دانشگاه آزاد اسلامی واحد پزشکی تهران,آزاد,پرستاری آزاد تهران
2050,47_48,1404,تجربی,39166,10592,منطقه 1,,,پرستاری,دانشکده علوم پزشکی ملایر,پردیس,پرستاری پردیس ملایر
2227,84_85,1404,تجربی,39871,10747,منطقه 1,,,پرستاری,دانشگاه آزاد اسلامی واحد مشهد,آزاد,پرستاری آزاد مشهد
2227,84_85,1404,تجربی,39871,10747,منطقه 1,,,مامایی,دانشگاه علوم پزشکی سبزوار,روزانه,مامایی روزانه سبزوار
2344,133_134,1404,تجربی,43249,18886,منطقه 2,3137,سهمیه 5٪,پزشکی,دانشگاه آزاد اسلامی واحد یزد,آزاد,پزشکی آزاد یزد
2049,46,1404,تجربی,43960,11775,منطقه 3,,,اتاق عمل,دانشگاه آزاد اسلامی واحد مشهد,آزاد,اتاق عمل آزاد مشهد
2049,46,1404,تجربی,43960,11775,منطقه 3,,,هوشبری,دانشگاه علوم پزشکی تربت حیدریه,شهریه‌پرداز,هوشبری شهریه پرداز تربت حیدریه
1915,25_26,1404,تجربی,44432,19362,منطقه 2,,,اتاق عمل,دانشکده علوم پزشکی شوشتر,پردیس,اتاق عمل پردیس شوشتر
1915,25_26,1404,تجربی,44432,19362,منطقه 2,,,علوم تغذیه,دانشگاه آزاد اسلامی واحد مرند,آزاد,تغذیه آزاد مرند
2279,98_99,1404,تجربی,45289,19722,منطقه 2,,,پرستاری,دانشگاه علوم پزشکی هرمزگان - محل بندرلنگه,روزانه,پرستاری روزانه بندرلنگه غیربومی-مرد
2279,98_99,1404,تجربی,45289,19722,منطقه 2,,,پرستاری,دانشگاه آزاد اسلامی واحد ارومیه,آزاد تمام‌وقت,پرستاری آزاد تمام وقت ارومیه
2287,101,1404,تجربی,45289,19722,منطقه 2,,,پزشکی,دانشگاه علوم پزشکی زابل,تعهدی,پزشکی تعهدی زابل بومی سیستان
2046,44_45,1404,تجربی,46908,20398,منطقه 2,,,علوم تغذیه,دانشگاه آزاد اسلامی واحد قوچان,آزاد,علوم تغذیه آزاد قوچان
2337,127_128,1404,تجربی,48951,21297,منطقه 2,,,پزشکی,دانشگاه علوم پزشکی کرمان,تعهدی,پزشکی تعهدی کرمان محل تعهد سیستان و بلوچستان - زن
1918,29_30,1404,تجربی,59261,18297,منطقه 3,,,مامایی,دانشگاه آزاد اسلامی واحد تبریز,آزاد تمام‌وقت,مامایی آزاد تمام وقت تبریز
2244,92_93,1404,تجربی,61938,26660,منطقه 2,,,پرستاری,دانشگاه آزاد اسلامی واحد خرم آباد,آزاد,پرستاری آزاد خرم آباد
2244,92_93,1404,تجربی,61938,26660,منطقه 2,,,روانشناسی,دانشگاه علوم پزشکی لرستان - خرم‌آباد,روزانه,روانشناسی روزانه خرم آباد
2199,76_77,1404,تجربی,62393,19422,منطقه 3,,,پرستاری,دانشگاه آزاد اسلامی واحد اهواز,آزاد,پرستاری آزاد اهواز
2292,106_107,1404,تجربی,65251,28010,منطقه 2,,,هوشبری,دانشکده علوم پزشکی ساوه,روزانه,هوشبری روزانه ساوه
2190,70_71,1404,تجربی,65614,20557,منطقه 3,4823,سهمیه 5٪,پرستاری,دانشگاه آزاد اسلامی واحد کرج,آزاد,پرستاری آزاد کرج
2190,70_71,1404,تجربی,65614,20557,منطقه 3,4823,سهمیه 5٪,علوم تغذیه,دانشگاه علوم پزشکی زنجان,پردیس,تغذیه پردیس زنجان
2159,59_60,1404,تجربی,70266,17929,منطقه 3,,,پرستاری,دانشگاه آزاد اسلامی واحد کاشان,آزاد,پرستاری آزاد کاشان
2155,58,1404,تجربی,71003,22567,منطقه 2,5191,سهمیه 5٪,پرستاری,دانشگاه علوم پزشکی دزفول,روزانه,پرستاری روزانه دزفول
2204,79_80,1404,تجربی,72404,23094,منطقه 3,,,پرستاری,دانشگاه آزاد اسلامی واحد کازرون,آزاد,پرستاری آزاد کازرون
2217,81_82,1404,تجربی,75682,32275,منطقه 2,5533,سهمیه 5٪,گفتاردرمانی,دانشگاه علوم پزشکی همدان,روزانه,گفتاردرمانی روزانه همدان
2357,135_136,1404,تجربی,82880,35230,منطقه 2,,,فوریت‌های پزشکی,دانشگاه علوم پزشکی گلستان - گرگان,روزانه,فوریت های پزشکی روزانه گرگان
2307,111_112,1404,تجربی,84475,35863,منطقه 2,,,پرستاری,دانشگاه آزاد اسلامی واحد لارستان,آزاد,پرستاری آزاد لارستان
2236,88_89,1404,تجربی,84581,27691,منطقه 3,,,پرستاری,دانشگاه آزاد اسلامی واحد فیروز آباد,آزاد,پرستاری آزاد فیروز آباد
2236,88_89,1404,تجربی,84581,27691,منطقه 3,,,فوریت‌های پزشکی,دانشگاه علوم پزشکی بوشهر,روزانه,کارشناسی فوریت پزشکی روزانه بوشهر بومی پذیری نداره - جنسیت پسر
2204,79_80,1404,تجربی,87364,28971,منطقه 3,690,سهمیه 25٪,دندانپزشکی,دانشگاه آزاد اسلامی واحد اصفهان (خوراسگان),آزاد,دندانپزشکی آزاد خوراسگان
2043,40_41_42,1404,تجربی,95935,40429,منطقه 2,,,مامایی,دانشگاه آزاد اسلامی واحد زاهدان,آزاد,مامایی آزاد زاهدان
1863,3_4,1404,تجربی,98138,41335,منطقه 2,,,پرستاری,دانشگاه آزاد اسلامی واحد قشم,آزاد,پرستاری آزاد قشم
1871,9_10,1404,تجربی,98384,41418,منطقه 2,7203,سهمیه 5٪,پرستاری,دانشگاه علوم پزشکی گیلان - رشت,شهریه‌پرداز,پرستاری شهریه پرداز رشت
2276,96_97,1404,تجربی,101220,42582,منطقه 2,7405,سهمیه 5٪,پرستاری,دانشگاه علوم پزشکی دزفول,پردیس,پرستاری پردیس دزفول
2043,40_41_42,1404,تجربی,101220,42582,منطقه 2,7405,سهمیه 5٪,پرستاری,دانشگاه علوم پزشکی دزفول,روزانه,پرستاری روزانه دزفول
2344,133_134,1404,تجربی,107553,45112,منطقه 2,984,سهمیه 25٪,پزشکی,دانشکده علوم پزشکی بهبهان,روزانه,پزشکی روزانه بهبهان
2043,40_41_42,1404,تجربی,108736,45557,منطقه 2,1005,سهمیه 25٪,پزشکی,دانشگاه آزاد اسلامی واحد پزشکی تهران,آزاد,پزشکی آزاد تهران
2290,102_103,1404,تجربی,109911,37704,منطقه 3,,,فوریت‌های پزشکی - کارشناسی,دانشگاه علوم پزشکی قزوین,نامشخص,کارشناسی فوریت های پزشکی قزوین
1866,5_6,1404,تجربی,110725,38044,منطقه 2,,,فوریت‌های پزشکی,دانشکده علوم پزشکی ساوه,روزانه,کارشناسی فوریت روزانه ساوه
1857,1_2,1404,تجربی,115963,40000,منطقه 3,8512,سهمیه 5٪,پرستاری,دانشگاه علوم پزشکی بوشهر,شهریه‌پرداز,پرستاری شهریه پرداز بوشهر
1880,11_12,1404,تجربی,121445,50531,منطقه 2,,,فوریت‌های پزشکی,دانشکده علوم پزشکی چابهار,روزانه,کاردانی فوریت روزانه چابهار
2285,100,1404,تجربی,122196,42748,منطقه 3,1209,سهمیه 25٪,پزشکی,دانشگاه آزاد اسلامی واحد اهواز,آزاد خودگردان,پزشکی آزاد خودگردان اهواز
1901,16,1404,تجربی,124000,51000,منطقه 2,1255,سهمیه 25٪,پزشکی,دانشگاه آزاد اسلامی واحد یزد,آزاد خودگردان,پزشکی آزاد خودگردان یزد
1909,21_22,1404,تجربی,137000,56700,منطقه 2,10139,سهمیه 5٪,پرستاری,دانشگاه علوم پزشکی کرمان,پردیس,پرستاری پردیس کرمان
2321,121_122,1404,تجربی,141437,32241,منطقه 1,10463,سهمیه 5٪,پرستاری,دانشگاه علوم پزشکی رفسنجان,شهریه‌پرداز,پرستاری شهریه پرداز رفسنجان
2338,129_130,1404,تجربی,156634,35059,منطقه 1,11588,سهمیه 5٪,اتاق عمل,دانشکده علوم پزشکی چابهار,روزانه,اتاق عمل روزانه چابهار
