year,group,quota,quota_rank,major,university,course_type,semester,name,rank_msg,admission_msg,sequence,match_method,course_review_status
1404,تجربی,منطقه 3,65,پزشکی,شهیدبهشتی,روزانه,نیمسال اول,محمدیاسین زایر,44585,48055,2,direct_rank_link,verified_visual
1404,تجربی,منطقه 2,436,پزشکی,ایران,روزانه,نیمسال اول,فاطمه عبدالملکی,44659,48062,9,direct_rank_link,verified_visual
1404,تجربی,منطقه 2,617,دندانپزشکی,زنجان,روزانه,نیمسال اول,محمدامین موسوی,45092,48074,15,direct_rank_link,verified_visual
1404,تجربی,منطقه 3,252,پزشکی,ایلام,روزانه,نیمسال اول,ریحانه سعادتی,44416,48075,16,direct_rank_link,verified_visual
1404,تجربی,منطقه 2,448,دندانپزشکی,شاهد تهران,روزانه,نیمسال اول,امیرمهدی آذری,46114,48076,17,direct_rank_link,verified_visual
1404,تجربی,منطقه 2,198,پزشکی,مشهد,روزانه,نیمسال اول,محمدصدرا عزیزی فروتقه,44447,48077,18,direct_rank_link,verified_visual
1404,تجربی,منطقه 3,720,پزشکی,همدان,روزانه,نیمسال اول,سارا جعفری پور,44641,48079,19,direct_rank_link,verified_visual
1404,تجربی,منطقه 3,724,دندانپزشکی,تبریز,روزانه,نیمسال اول,مهدیس هاشمی,45159,48080,20,direct_rank_link,verified_visual
1404,تجربی,منطقه 2,848,پزشکی,همدان,روزانه,نیمسال اول,فاطمه مولوی,44417,48081,21,direct_rank_link,verified_visual
1404,تجربی,منطقه 2,294,دندانپزشکی,تبریز,روزانه,نیمسال دوم,علی میرزائی,45115,48082,22,direct_rank_link,verified_visual
1404,تجربی,منطقه 3,367,پزشکی,تبریز,روزانه,نیمسال اول,مانی مهدوی بادمحمود,44482,48083,23,exact_name,verified_visual
1404,تجربی,منطقه 3,2819,فیزیوتراپی,کرمان,روزانه,نیمسال اول,محمدحسن هدایتی,47415,48084,24,exact_name,verified_visual
1404,تجربی,منطقه 3,118,دندانپزشکی,تبریز,روزانه,نیمسال دوم,هادی امیرزاده,44867,48090,28,direct_rank_link,verified_visual
1404,تجربی,منطقه 3,759,پزشکی,ایران,روزانه,نیمسال اول,ابوالفضل یوسفی مقدم,45174,48093,31,direct_rank_link,verified_visual
1404,تجربی,منطقه 2,805,پزشکی,شیراز,روزانه,نیمسال دوم,کیان تحویلداری,45149,48097,34,direct_rank_link,verified_visual
1404,تجربی,منطقه 1,508,پزشکی,مشهد,روزانه,نیمسال دوم,آروین پیشوائی,46072,48104,41,direct_rank_link,verified_visual
1404,تجربی,منطقه 2,1497,دندانپزشکی,سمنان,محروم,نیمسال اول,مهدی قنبری,46227,48108,45,direct_rank_link,verified_visual
1404,تجربی,منطقه 3,1086,داروسازی,تهران,روزانه,نیمسال اول,غزل شهریاری,46210,48141,56,high_conf_name,verified_visual
1404,تجربی,منطقه 2,625,داروسازی,تهران,روزانه,نیمسال اول,مطهره علیپورنیاول,45101,48150,65,direct_rank_link,verified_visual
1404,تجربی,منطقه 3,2452,داروسازی,شهیدبهشتی,شهریه‌پرداز,نیمسال اول,فاطمه فرجی عرقطو,46698,48159,70,direct_rank_link,verified_visual
1404,تجربی,منطقه 2,1831,پزشکی,زنجان,روزانه,نیمسال اول,بنیامین صالحی,45946,48186,79,exact_name,verified_visual
1404,تجربی,منطقه 1,2625,پزشکی,مشهد,روزانه,نیمسال اول,زهرا خسروی,46751,48187,80,direct_rank_link,verified_visual
1404,تجربی,منطقه 2,1558,پزشکی,قم,روزانه,نیمسال اول,مبین شعبانی,45021,48190,83,exact_name,verified_visual
1404,تجربی,منطقه 2,2594,دندانپزشکی,سمنان,محروم,نیمسال اول,مبینا بهرامی,47605,48197,89,direct_rank_link,verified_visual
1404,تجربی,منطقه 2,972,دندانپزشکی,رفسنجان,روزانه,نیمسال اول,علیرضا عابد,46140,48200,92,exact_name,verified_visual
1404,تجربی,منطقه 3,2735,پزشکی,زنجان,محروم,نیمسال اول,زهرا بکشلو,47418,48204,96,exact_name,verified_visual
1404,تجربی,منطقه 2,2699,پزشکی,اراک,روزانه,نیمسال دوم,طاهره مهرپویا,47357,48205,97,direct_rank_link,verified_visual
1404,تجربی,منطقه 2,1118,پزشکی,شهیدبهشتی,روزانه,نیمسال اول,فاطمه زهرا سیمرغ,46349,48262,110,direct_rank_link,verified_visual
1404,تجربی,منطقه 1,552,پزشکی,شهیدبهشتی,روزانه,نیمسال اول,عرفان کرمعلی,45225,48280,117,direct_rank_link,verified_visual
1404,تجربی,منطقه 3,260,پزشکی,ایران,روزانه,نیمسال دوم,مرتضی مسعودی,45452,48283,120,direct_rank_link,verified_visual
1404,تجربی,منطقه 3,2768,پزشکی,,محروم,نیمسال دوم,امیررضا جدی حسینی,46832,48285,122,direct_rank_link,verified_visual
1404,تجربی,منطقه 2,370,پزشکی,شهیدبهشتی,روزانه,نیمسال اول,علی علی مددی صومعه ای,45718,48292,125,direct_rank_link,verified_visual
1404,تجربی,منطقه 2,996,پزشکی,,روزانه,نیمسال دوم,رومینا موحدی نیا,45121,48350,130,direct_rank_link,verified_visual
1404,تجربی,منطقه 3,616,پزشکی,مشهد,روزانه,نیمسال اول,مریم لعل دولت آبادی,48012,48364,134,direct_rank_link,verified_visual
1404,تجربی,منطقه 3,1378,داروسازی,,شهریه‌پرداز,نیمسال اول,فاطمه امیریان,46815,48390,145,direct_rank_link,verified_visual
1404,تجربی,منطقه 2,1848,دندانپزشکی,مشهد,محروم,نیمسال دوم,میکائیل اله بخش,46218,48394,149,exact_name,verified_visual
1404,تجربی,منطقه 1,917,دندانپزشکی,آزاد تبریز,آزاد,نیمسال اول,پریسا وکیلی سعیدابادی,45114,48436,157,direct_rank_link,verified_visual
1404,تجربی,منطقه 1,2152,فیزیوتراپی,تبریز,روزانه,نیمسال اول,عباس ابراهیمی,47210,48437,158,exact_name,verified_visual
1404,تجربی,منطقه 2,1146,پزشکی,,روزانه,نیمسال دوم,امیررضا خسروزاده,46284,48440,161,direct_rank_link,verified_visual
1404,تجربی,منطقه 3,1428,پزشکی,تبریز,شهریه‌پرداز,نیمسال دوم,کوثر سلمان زاده,46708,48444,165,direct_rank_link,verified_visual
1404,تجربی,منطقه 3,523,پزشکی,تبریز,روزانه,نیمسال دوم,یسنا کفیلی گرگری,46037,48449,170,direct_rank_link,verified_visual
1404,تجربی,منطقه 3,1506,دندانپزشکی,آزاد اصفهان,آزاد,نیمسال اول,شکیبا عبدی,46128,48510,197,direct_rank_link,verified_visual
1404,تجربی,منطقه 2,939,پزشکی,اصفهان,روزانه,نیمسال اول,الناز افشاریان,47533,48511,198,direct_rank_link,verified_visual
1404,تجربی,منطقه 1,931,پزشکی,آزاد تهران,آزاد,نیمسال اول,اردشیر ابوالصدق,47636,48541,206,direct_rank_link,verified_visual
1404,تجربی,منطقه 2,609,پزشکی,کرمانشاه,روزانه,نیمسال اول,سما بیگی,45146,48647,227,direct_rank_link,verified_visual
1404,تجربی,منطقه 2,1618,پزشکی,کرمانشاه,روزانه,نیمسال اول,یاسمین رحیمی,46394,48678,239,direct_rank_link,verified_visual
1404,تجربی,منطقه 2,1276,پزشکی,کرمانشاه,روزانه,نیمسال دوم,هستی همتیان,46375,48682,243,exact_name,verified_visual
1404,تجربی,منطقه 1,3427,پزشکی,شیراز,محروم,نیمسال اول,الناز جهانگیر برشنه,47758,48743,251,exact_name,verified_visual
1404,تجربی,منطقه 3,1514,پزشکی,شیراز,روزانه,نیمسال دوم,مهرناز حسینی,46760,48759,260,direct_rank_link,verified_visual
1404,تجربی,منطقه 1,809,دندانپزشکی,شیراز,محروم,نیمسال اول,مینا کاظمی,45690,48785,271,direct_rank_link,verified_visual
1404,تجربی,منطقه 2,1455,پزشکی,ساری,روزانه,نیمسال دوم,الهام ال محمد,46342,48892,292,direct_rank_link,verified_visual
1404,تجربی,منطقه 2,1493,پزشکی,ساری,روزانه,نیمسال دوم,محمد فرستاده,46777,48897,294,direct_rank_link,verified_visual
1404,تجربی,منطقه 3,1040,پزشکی,,روزانه,نیمسال اول,عمادالدین ارازپور,45951,48908,297,direct_rank_link,verified_visual
1404,تجربی,منطقه 2,319,دندانپزشکی,,روزانه,نیمسال اول,راحیل بهفروز,47834,48909,298,direct_rank_link,verified_visual
1404,تجربی,منطقه 3,1026,پزشکی,کرمان,روزانه,نیمسال اول,ارشیا افضلی ساردو,47621,48961,305,exact_name,verified_visual
1404,تجربی,منطقه 2,2018,پزشکی,کرمان,روزانه,نیمسال اول,زهرا سرمست,47553,48972,309,direct_rank_link,verified_visual
1404,تجربی,منطقه 1,656,دندانپزشکی,کرمان,روزانه,نیمسال اول,کیمیا نقیبیان,46029,48999,317,direct_rank_link,verified_visual
1404,تجربی,منطقه 1,2663,فیزیوتراپی,یزد,روزانه,نیمسال دوم,مبینا امینی رارانی,47221,49081,337,high_conf_name,verified_visual
1404,تجربی,منطقه 2,116,دندانپزشکی,یزد,روزانه,نیمسال اول,امیرمحمد غفاری,44387,49118,347,direct_rank_link,verified_visual
1404,تجربی,منطقه 3,1139,پزشکی,,روزانه,نیمسال دوم,ماهان شب گرد فریمانی,47484,49125,350,direct_rank_link,verified_visual
1404,تجربی,منطقه 3,2053,پزشکی,شهیدبهشتی,روزانه,نیمسال اول,فرزانه شاهمرادی,48029,49242,374,direct_rank_link,verified_visual
1404,تجربی,منطقه 2,2761,داروسازی,همدان,روزانه,نیمسال اول,نگار حبیب زاده,46918,49305,387,direct_rank_link,verified_visual
1404,تجربی,منطقه 2,2214,پزشکی,همدان,روزانه,نیمسال دوم,زینب موسیوند دارانی,47822,49306,388,direct_rank_link,verified_visual
1404,تجربی,منطقه 2,654,دندانپزشکی,همدان,روزانه,نیمسال اول,تینا علی محمدی,45096,49320,393,direct_rank_link,verified_visual
1404,تجربی,منطقه 2,1146,پزشکی,همدان,روزانه,نیمسال اول,علی بهرامی,46468,49328,398,direct_rank_link,verified_visual
1404,تجربی,منطقه 1,2257,پزشکی,بیرجند,روزانه,نیمسال دوم,اسرا کارگر,46763,49455,410,direct_rank_link,verified_visual
1404,تجربی,منطقه 3,924,پزشکی,ارومیه,روزانه,نیمسال دوم,احسان برزی,45721,49550,438,direct_rank_link,verified_visual
1404,تجربی,منطقه 2,1853,پزشکی,رشت,روزانه,نیمسال دوم,یاسمن دولت آبادی مقدم,46301,49614,452,direct_rank_link,verified_visual
1404,تجربی,منطقه 2,2552,پزشکی,اهواز,روزانه,نیمسال دوم,احمد دغاغله,46823,49713,483,direct_rank_link,verified_visual
1404,تجربی,منطقه 2,1076,دندانپزشکی,,محروم,نیمسال اول,مهران علی نژاد آذر,45926,49815,504,direct_rank_link,verified_visual
1404,تجربی,منطقه 2,691,پزشکی,بابل,روزانه,نیمسال اول,علی اصغر ابراهیمی,47200,49842,513,direct_rank_link,verified_visual
1404,تجربی,منطقه 3,1040,پزشکی,خرم آباد,روزانه,نیمسال اول,سعیده ترابی سوار,45634,49931,529,direct_rank_link,verified_visual
1404,تجربی,منطقه 1,2625,فیزیوتراپی,سمنان,روزانه,نیمسال اول,فاطمه نیک نام موسی اباد,47902,50039,554,direct_rank_link,verified_visual
1404,تجربی,منطقه 1,1867,داروسازی,سمنان,روزانه,نیمسال اول,شکیبا افشارزاده,47147,50090,567,direct_rank_link,verified_visual
1404,تجربی,منطقه 2,2594,پزشکی,زنجان,روزانه,نیمسال اول,علی سعیدی,46839,50156,577,direct_rank_link,verified_visual
1404,تجربی,منطقه 3,2015,دندانپزشکی,زنجان,محروم,نیمسال اول,ادیب امیدیان,46901,50235,599,exact_name,verified_visual
1404,تجربی,منطقه 3,1959,پزشکی,بندرعباس,روزانه,نیمسال دوم,امیرمحمد پیروزه,46332,50286,601,exact_name,verified_visual
1404,تجربی,منطقه 3,1620,پزشکی,بندرعباس,روزانه,نیمسال اول,نگار حسینی پور,47739,50287,602,exact_name,verified_visual
1404,تجربی,منطقه 3,2167,پزشکی,اهواز,روزانه,نیمسال اول,احسان مدبری,47541,50355,621,exact_name,verified_visual
1404,تجربی,منطقه 1,2477,پزشکی,تربت حیدریه,روزانه,نیمسال دوم,سیده میترا میرجلیلی,47619,50422,632,direct_rank_link,verified_visual
1404,تجربی,منطقه 3,587,پزشکی,تبریز,روزانه,نیمسال دوم,محمد رهنما,46674,50544,659,direct_rank_link,verified_visual
1404,تجربی,منطقه 3,1837,پزشکی,شیراز,روزانه,نیمسال دوم,نیلوفر توکلی شورجه,52757,50720,695,high_conf_name,verified_visual
1404,تجربی,منطقه 3,2826,پزشکی,زاهدان,روزانه,نیمسال اول,یسنا ایمانی,48026,50861,723,direct_rank_link,verified_visual
1404,تجربی,منطقه 3,2982,پزشکی,زاهدان,روزانه,نیمسال اول,الناز لنگری پور,48033,50862,724,direct_rank_link,verified_visual
1404,تجربی,منطقه 3,1404,پزشکی,کرمانشاه,روزانه,نیمسال دوم,سوگند سلیمی فرد,46285,50938,726,direct_rank_link,verified_visual
1404,تجربی,منطقه 3,2368,پزشکی,کرمانشاه,شهریه‌پرداز,نیمسال دوم,سارینا علیزاده,47160,51001,744,exact_name,verified_visual
1404,تجربی,منطقه 3,1067,پزشکی,گرگان,روزانه,نیمسال اول,نیما نیکو,46277,51107,771,direct_rank_link,verified_visual
1404,تجربی,منطقه 2,2810,دندانپزشکی,کرج,محروم,نیمسال اول,هدیه رحیمی,47815,51143,776,direct_rank_link,verified_visual
1404,تجربی,منطقه 2,1287,پزشکی,,روزانه,نیمسال دوم,مریم سادات موسوی,57104,51145,778,exact_name,verified_visual
1404,تجربی,منطقه 2,1418,پزشکی,کرج,روزانه,,محمد وندالوند,47904,51146,779,direct_rank_link,verified_visual
1404,تجربی,منطقه 2,1926,داروسازی,کرج,روزانه,نیمسال اول,حنانه قدیمی,46163,51147,780,exact_name,verified_visual
1404,تجربی,منطقه 1,851,پزشکی,کرج,روزانه,نیمسال دوم,سام بیداری,45153,51159,784,direct_rank_link,verified_visual
1404,تجربی,منطقه 1,902,پزشکی,کرج,روزانه,نیمسال دوم,دانیال نصیری,47399,51167,788,direct_rank_link,verified_visual
1404,تجربی,منطقه 2,2277,دندانپزشکی,کرج,محروم,نیمسال اول,محمدرضا اسدی,46959,51195,794,direct_rank_link,verified_visual
1404,تجربی,منطقه 2,724,دندانپزشکی,یاسوج,روزانه,نیمسال اول,محمدمهدی صادقی,47428,51371,832,direct_rank_link,verified_visual
1404,تجربی,منطقه 2,613,دندانپزشکی,شهرکرد,روزانه,نیمسال اول,مهسا جلالی,46145,51422,848,direct_rank_link,verified_visual
1404,تجربی,منطقه 3,1157,پزشکی,سنندج,روزانه,نیمسال اول,روژان رستمی,45513,51448,851,direct_rank_link,verified_visual
1404,تجربی,منطقه 3,2433,پزشکی,,شهریه‌پرداز,نیمسال اول,کیانا صفائی,48019,51450,853,exact_name,verified_visual
1404,تجربی,منطقه 2,2018,پزشکی,سنندج,روزانه,نیمسال اول,ژینو بهمنی,46608,51489,865,exact_name,verified_visual
1404,تجربی,منطقه 2,2101,پزشکی,قم,روزانه,نیمسال اول,حنانه شاه محمدی,46965,51549,876,high_conf_name,verified_visual
1404,تجربی,منطقه 2,1977,پزشکی,قم,روزانه,نیمسال اول,حنانه سادات طباطبائی نژاد,52162,51605,889,exact_name,verified_visual
1404,تجربی,منطقه 3,1990,پزشکی,قزوین,شهریه‌پرداز,نیمسال دوم,سهراب رحمانی,46382,51609,893,direct_rank_link,verified_visual
1404,تجربی,منطقه 3,1506,دندانپزشکی,ایلام,محروم,نیمسال اول,کیمیا جوبانو,46171,51664,901,exact_name,verified_visual
1404,تجربی,منطقه 3,2002,پزشکی,ایلام,روزانه,نیمسال دوم,غزال صادقی,46581,51740,923,direct_rank_link,verified_visual
1404,تجربی,منطقه 1,1745,پزشکی,اردبیل,روزانه,نیمسال دوم,محمدحسین نجف زاده,45575,51804,930,exact_name,verified_visual
1404,تجربی,منطقه 2,2415,پزشکی,بجنورد,روزانه,نیمسال اول,محمدصالح صابری مقدم,47743,51949,959,exact_name,verified_visual
1404,تجربی,منطقه 2,1939,پزشکی,بجنورد,روزانه,نیمسال اول,فاطمه اسکندری قاچکانلو,45919,51988,971,direct_rank_link,verified_visual
1404,تجربی,منطقه 2,2415,پزشکی,بجنورد,روزانه,نیمسال اول,محمدصالح صابری,47743,51994,973,direct_rank_link,verified_visual
1404,تجربی,منطقه 2,760,دندانپزشکی,بجنورد,روزانه,نیمسال اول,محمد نوروزی,47265,51995,974,direct_rank_link,verified_visual
1404,تجربی,منطقه 2,625,داروسازی,تهران,روزانه,نیمسال اول,مطهره علی پورنیاول,45101,52030,976,high_conf_name,verified_visual
1404,تجربی,منطقه 2,1892,دندانپزشکی,آزاد تهران,آزاد,نیمسال اول,نیکی پورجعفری,47702,52039,978,direct_rank_link,verified_visual
1404,تجربی,منطقه 2,520,پزشکی,ایران,روزانه,نیمسال دوم,محمد امین بیرانوند,51638,52066,985,exact_name,verified_visual
1404,تجربی,منطقه 2,1750,دندانپزشکی,شهیدبهشتی,محروم,نیمسال دوم,محمدرضا موسوی,47170,52076,988,exact_name,verified_visual
1404,تجربی,منطقه 2,2001,پزشکی,آزاد تهران,آزاد,نیمسال اول,رامیلا حاتمی,47151,52111,999,exact_name,verified_visual
1404,تجربی,منطقه 3,2672,دامپزشکی,شیراز,روزانه,نیمسال اول,زهرا مومنی صفری,48007,52283,,high_conf_name,verified_visual
